Name	Tags	Address	Apple Maps Link	Latitude	Longitude	Website	Info
Amelia's Taqueria	Mexican ğŸ‡²ğŸ‡½, Lunch/Dinner â˜€ï¸ğŸŒ™	309 Huntington Ave, Boston, MA 02115	https://maps.apple.com/?address=309%20Huntington%20Ave,%20Boston,%20MA%20%2002115,%20United%20States&auid=9371455912701147871&ll=42.341202,-71.087660&lsp=9902&q=Amelia's%20Taqueria	42.34113784	-71.08748274	https://www.ameliastaqueria.com/	There are not many options here; however, the chips and salsa or chips and guac are safe to eat. Make sure to ask the server to change their gloves first
Amelia's Taqueria	Mexican ğŸ‡²ğŸ‡½, Lunch/Dinner â˜€ï¸ğŸŒ™	1076 Boylston St, Boston, MA 02215	https://maps.apple.com/?address=1076%20Boylston%20St,%20Boston,%20MA%20%2002215,%20United%20States&auid=6703537251781806642&ll=42.347046,-71.088011&lsp=9902&q=Amelia's%20Taqueria	42.34697808	-71.0879626	https://www.ameliastaqueria.com/	There are not many options here; however, the chips and salsa or chips and guac are safe to eat. Make sure to ask the server to change their gloves first
Amelia's Taqueria	Mexican ğŸ‡²ğŸ‡½, Lunch/Dinner â˜€ï¸ğŸŒ™	180 Brighton Ave, Allston, MA 02134	https://maps.apple.com/?address=180%20Brighton%20Ave,%20Boston,%20MA%20%2002134,%20United%20States&auid=12675272741811103002&ll=42.352993,-71.133656&lsp=9902&q=Amelia's%20Taqueria	42.35302453	-71.13365125	https://www.ameliastaqueria.com/	There are not many options here; however, the chips and salsa or chips and guac are safe to eat. Make sure to ask the server to change their gloves first
Amelia's Taqueria	Mexican ğŸ‡²ğŸ‡½, Lunch/Dinner â˜€ï¸ğŸŒ™	1936 Beacon St, Boston, MA 02135	https://maps.apple.com/?address=1936%20Beacon%20St,%20Boston,%20MA%20%2002135,%20United%20States&auid=15149926575112331215&ll=42.336377,-71.149773&lsp=9902&q=Amelia's%20Taqueria	42.33635145	-71.14998671	https://www.ameliastaqueria.com/	There are not many options here; however, the chips and salsa or chips and guac are safe to eat. Make sure to ask the server to change their gloves first
Aqua Pazza	Lunch/Dinner â˜€ï¸ğŸŒ™	135 Richmond St, Boston, MA 02109	https://maps.apple.com/?address=135%20Richmond%20St,%20Boston,%20MA%20%2002109,%20United%20States&auid=7291801487648435923&ll=42.363265,-71.054151&lsp=9902&q=Aqua%20Pazza	42.36326634	-71.05408108	https://aquapazza-boston.com/	The co-owner of this fine restaurant has a family with various allergies and special diet needs. So the staff is reportedly well-versed in accommodating food allergies and in allergen protocols. All of their menu can be made gluten-free and you can easily custom order several dairy-free dishes.
Auntie Annie's	Pretzel ğŸ¥¨	South Station, 700 Atlantic Ave Suite 105, Boston, MA 02110	https://maps.apple.com/?address=Boston,%20MA,%20United%20States&auid=1093618741418544073&ll=42.351567,-71.055087&lsp=9902&q=South%20Station	42.35043323	-71.05611536	https://www.godairyfree.org/dining-out/auntie-annes-dairy-free#vegan	More info coming soon...
B. Good	Grill ğŸ”, Burger ğŸ”, Lunch/Dinner â˜€ï¸ğŸŒ™, Healthy ğŸ	1 Harborside Drive, Terminal A, Boston, MA 02128	https://maps.apple.com/?address=1%20Harborside%20Dr,%20East%20Boston,%20MA%20%2002128,%20United%20States&auid=4969788947553753498&ll=42.364523,-71.022040&lsp=9902&q=B.GOOD	42.36452438	-71.02174788	https://bgood.com/nutrition	More info coming soon...
B. Good	Grill ğŸ”, Burger ğŸ”, Lunch/Dinner â˜€ï¸ğŸŒ™, Healthy ğŸ	301 Third Street, Cambridge, MA 02142	https://maps.apple.com/?address=301%20Third%20St,%20Cambridge,%20MA%20%2002142,%20United%20States&auid=9305269968010855608&ll=42.364250,-71.083507&lsp=9902&q=B.GOOD	42.36418082	-71.08348152	https://bgood.com/nutrition	More info coming soon...
B. Good	Grill ğŸ”, Burger ğŸ”, Lunch/Dinner â˜€ï¸ğŸŒ™, Healthy ğŸ	84 Summer St, Boston, MA 02110	https://maps.apple.com/?address=84%20Summer%20St,%20Boston,%20MA%20%2002110,%20United%20States&auid=8172903212010298069&ll=42.353860,-71.058023&lsp=9902&q=B.GOOD	42.35385646	-71.05803304	https://bgood.com/nutrition	More info coming soon...
B. Good	Grill ğŸ”, Burger ğŸ”, Lunch/Dinner â˜€ï¸ğŸŒ™, Healthy ğŸ	255 Washington Street, Boston, MA 02201	https://maps.apple.com/?address=255%20Washington%20St,%20Boston,%20MA%20%2002108,%20United%20States&auid=16317297531924129455&ll=42.357948,-71.058134&lsp=9902&q=B.GOOD	42.35784007	-71.05816446	https://bgood.com/nutrition	More info coming soon...
B. Good	Grill ğŸ”, Burger ğŸ”, Lunch/Dinner â˜€ï¸ğŸŒ™, Healthy ğŸ	359 Huntington Ave, Boston, MA 02115	https://maps.apple.com/?address=359%20Huntington%20Ave,%20Boston,%20MA%2002115,%20United%20States&auid=17340879145510466181&ll=42.340107,-71.090254&lsp=9902&q=B.GOOD	42.34032572	-71.09031099	https://bgood.com/nutrition	More info coming soon...
Bartaco	Grill ğŸ”, Burger ğŸ”, Lunch/Dinner â˜€ï¸ğŸŒ™, Healthy ğŸ	25 thomson place, Boston, MA	https://maps.apple.com/?address=25%20Thomson%20Pl,%20Boston,%20MA%20%2002210,%20United%20States&auid=12150525074922840598&ll=42.350963,-71.047555&lsp=9902&q=Bartaco	42.35123349	-71.04729271	https://bartaco.com/media/BT-Allergy-Sheet-02-2023.pdf	Their allergen menu is so detailed, that it states exactly what in the item contains the allergen. And their dairy-free options are abundant. Most of their tacos, rice bowls, other entrees, and sides are, or can be ordered, dairy-free. But the dessert and kids menus are heavy in dairy.
Beatnic	Vegan ğŸƒ, Lunch/Dinner â˜€ï¸ğŸŒ™, Healthy ğŸ	399 Boylston Street, Boston, MA 02116	https://maps.apple.com/?address=399%20Boylston%20St,%20Boston,%20MA%20%2002116,%20United%20States&auid=13597865541338982966&ll=42.351726,-71.072295&lsp=9902&q=Beatnic%20-%20Back%20Bay	42.35179532	-71.07215676	https://www.eatbeatnic.com/	Formerly known as by Chloe, this Plant-Based restaurant chain serves a Healthy vegan array of Burgers, Sandwiches, salads, pastas, and Smoothies, with pancakes on the weekends. Theyâ€™re open for lunch, dinner, and dessert, which includes house-made Ice Cream (also sold by the pint), cookies, cupcakes, and other pastries.
Blackbird Doughnuts	Dessert ğŸ°	492 Tremont St, Boston, MA 02116	https://maps.apple.com/?address=492%20Tremont%20St,%20Boston,%20MA%20%2002116,%20United%20States&auid=18121581304112377174&ll=42.345661,-71.069299&lsp=9902&q=Blackbird%20Doughnuts	42.34568459	-71.06922824	https://www.blackbirddoughnuts.com/faq	They offer a couple flavors of vegan brioche doughnuts, which rotate monthly. They do contain soy and wheat, and they do specify that they are cooked in shared oil with their other doughnuts.
Blackbird Doughnuts 	Dessert ğŸ°	20 Kilmarnock St, Boston, MA 02115	https://maps.apple.com/?address=20%20Kilmarnock%20St,%20Boston,%20MA%20%2002215,%20United%20States&auid=16012266274718533169&ll=42.344316,-71.100039&lsp=9902&q=Blackbird%20Doughnuts	42.34436603	-71.09996012	https://www.blackbirddoughnuts.com/faq	They offer a couple flavors of vegan brioche doughnuts, which rotate monthly. They do contain soy and wheat, and they do specify that they are cooked in shared oil with their other doughnuts.
Blackbird Doughnuts 	Dessert ğŸ°	Smith Campus Center, 1350 Massachusetts Ave Cambridge MA 02138	https://maps.apple.com/?address=11%20Holyoke%20St,%20Cambridge,%20MA%20%2002138,%20United%20States&auid=15180627151572843763&ll=42.372664,-71.118434&lsp=9902&q=Blackbird%20Doughnuts	42.37267704	-71.11858594	https://www.blackbirddoughnuts.com/faq	They offer a couple flavors of vegan brioche doughnuts, which rotate monthly. They do contain soy and wheat, and they do specify that they are cooked in shared oil with their other doughnuts.
Blackbird Doughnuts 	Dessert ğŸ°	175 Cambridge St, Boston MA	https://maps.apple.com/?address=175%20Cambridge%20St,%20Boston,%20MA%20%2002114,%20United%20States&auid=3222607223317947538&ll=42.361392,-71.065689&lsp=9902&q=Blackbird%20Doughnuts	42.36146485	-71.06598089	https://www.blackbirddoughnuts.com/faq	They offer a couple flavors of vegan brioche doughnuts, which rotate monthly. They do contain soy and wheat, and they do specify that they are cooked in shared oil with their other doughnuts.
Blackbird Doughnuts 	Dessert ğŸ°	High Street Food Hall, 100 High Street, Boston MA 02110	https://maps.apple.com/?address=100%20High%20St,%20Boston,%20MA%20%2002110,%20United%20States&auid=13989160035744044610&ll=42.354474,-71.055299&lsp=9902&q=Blackbird%20Doughnuts%20-%20High%20Street%20Place%20Food%20Hall	42.35435994	-71.05536732	https://www.blackbirddoughnuts.com/faq	They offer a couple flavors of vegan brioche doughnuts, which rotate monthly. They do contain soy and wheat, and they do specify that they are cooked in shared oil with their other doughnuts.
Blaze Pizza	Lunch/Dinner â˜€ï¸ğŸŒ™, Pizza ğŸ•	961 Commonwealth Ave, Boston, MA 02215	https://maps.apple.com/?address=961%20Commonwealth%20Ave,%20Boston,%20MA%20%2002215,%20United%20States&auid=8576344193747179566&ll=42.351797,-71.119142&lsp=9902&q=Blaze%20Pizza ğŸ•	42.35179255	-71.11909018	https://www.godairyfree.org/dining-out/blaze-Pizza ğŸ•-dairy-free	Classic Dough, Gluten-Free Dough, High Rise Dough are all dairy free. Vegan ğŸƒ cheese available.
Blaze Pizza	Lunch/Dinner â˜€ï¸ğŸŒ™, Pizza ğŸ•	1282 Boylston St #122, Boston, MA 02215	https://maps.apple.com/?address=1282%20Boylston%20St,%20Unit%20122,%20Boston,%20MA%20%2002215,%20United%20States&auid=11773030929134492822&ll=42.344435,-71.097505&lsp=9902&q=Blaze%20Pizza ğŸ•	42.34461625	-71.09692516	https://www.godairyfree.org/dining-out/blaze-Pizza ğŸ•-dairy-free	Classic Dough, Gluten-Free Dough, High Rise Dough are all dairy free. Vegan ğŸƒ cheese available.
Blaze Pizza	Lunch/Dinner â˜€ï¸ğŸŒ™, Pizza ğŸ•	123 Stuart St, Boston, MA 02116	https://maps.apple.com/?address=123%20Stuart%20St,%20Boston,%20MA%20%2002116,%20United%20States&auid=2324574823087548350&ll=42.351299,-71.065601&lsp=9902&q=Blaze%20Pizza ğŸ•	42.35127285	-71.0656212	https://www.godairyfree.org/dining-out/blaze-Pizza ğŸ•-dairy-free	Classic Dough, Gluten-Free Dough, High Rise Dough are all dairy free. Vegan ğŸƒ cheese available.
Blaze Pizza	Lunch/Dinner â˜€ï¸ğŸŒ™, Pizza ğŸ•	1 Canal Park, Cambridge, MA 02141	https://maps.apple.com/?address=1%20Canal%20Park,%20Cambridge,%20MA%20%2002141,%20United%20States&auid=9488365380184136674&ll=42.369404,-71.076972&lsp=9902&q=Blaze%20Pizza ğŸ•	42.36998405	-71.07706715	https://www.godairyfree.org/dining-out/blaze-Pizza ğŸ•-dairy-free	Classic Dough, Gluten-Free Dough, High Rise Dough are all dairy free. Vegan ğŸƒ cheese available.
Bluestone Lane	Cafe â˜•ï¸	125 High St, Boston, MA 02110	https://maps.apple.com/?address=125%20High%20St,%20Boston,%20MA%20%2002110,%20United%20States&auid=6412730917299823246&ll=42.355662,-71.053283&lsp=9902&q=Bluestone%20Lane	42.3555302	-71.05314056	https://order.bluestonelane.com/menu/harvard-square-Cafe â˜•ï¸	This Australian-style Cafe chain does a great job in labeling top allergens, and they offer a small selection of dairy-free Sandwich and bowl options on their menu, along with a couple vegan items. Their full Coffee bar has oat milk and almond milk options, and they sometimes have dairy-free specialty Drink promotions.
Bluestone Lane 	Cafe â˜•ï¸	27 Brattle St., Cambridge, MA  02138	https://maps.apple.com/?address=27%20Brattle%20St,%20Cambridge,%20MA%20%2002138,%20United%20States&auid=11861127515745100560&ll=42.373502,-71.120688&lsp=9902&q=Bluestone%20Lane	42.37360206	-71.1206872	https://order.bluestonelane.com/menu/harvard-square-Cafe â˜•ï¸	This Australian-style Cafe chain does a great job in labeling top allergens, and they offer a small selection of dairy-free Sandwich and bowl options on their menu, along with a couple vegan items. Their full Coffee bar has oat milk and almond milk options, and they sometimes have dairy-free specialty Drink promotions.
Bon Me	Lunch/Dinner â˜€ï¸ğŸŒ™	441 Stuart Street, Boston, MA 02116	https://maps.apple.com/?address=441%20Stuart%20St,%20Boston,%20MA%20%2002116,%20United%20States&auid=12671333505294452355&ll=42.348684,-71.075862&lsp=9902&q=Bon%20Me	42.34861616	-71.07599606	https://bonmetruck.com/menu/	More info coming soon...
Bon Me	Lunch/Dinner â˜€ï¸ğŸŒ™	Boston Public Market, 100 Hanover St, Boston, MA 02108	https://maps.apple.com/?address=100%20Hanover%20St,%20Boston,%20MA%20%2002108,%20United%20States&auid=8963468747816346777&ll=42.362032,-71.057151&lsp=9902&q=Boston%20Public%20Market	42.36166165	-71.05753064	https://bonmetruck.com/menu/	More info coming soon...
Bon Me	Lunch/Dinner â˜€ï¸ğŸŒ™	313 Congress St, Boston MA, 02210	https://maps.apple.com/?address=313%20Congress%20St,%20Boston,%20MA%20%2002210,%20United%20States&auid=18388366120718484191&ll=42.351242,-71.050180&lsp=9902&q=Bon%20Me	42.35122053	-71.05007987	https://bonmetruck.com/menu/	More info coming soon...
Bon Me	Lunch/Dinner â˜€ï¸ğŸŒ™	201 Alewife Brook Parkway, Cambridge, MA, 02138	https://maps.apple.com/?address=201%20Alewife%20Brook%20Pkwy,%20Cambridge,%20MA%20%2002138,%20United%20States&auid=4819844547591335771&ll=42.390158,-71.142810&lsp=9902&q=Bon%20Me	42.39004178	-71.14291355	https://bonmetruck.com/menu/	More info coming soon...
Bon Me	Lunch/Dinner â˜€ï¸ğŸŒ™	431 Brookline Ave, Boston, MA 02215	https://maps.apple.com/?address=431%20Brookline%20Ave,%20Boston,%20MA%20%2002215,%20United%20States&auid=4001355123149038600&ll=42.338452,-71.108020&lsp=9902&q=Bon%20Me	42.33847681	-71.10800214	https://bonmetruck.com/menu/	More info coming soon...
Bon Me	Lunch/Dinner â˜€ï¸ğŸŒ™	1 Hampshire St., Cambridge, MA 02139	https://maps.apple.com/?address=1%20Hampshire%20St,%20Cambridge,%20MA%20%2002139,%20United%20States&auid=12981401006667235336&ll=42.366055,-71.090840&lsp=9902&q=Bon%20Me	42.36556812	-71.09014698	https://bonmetruck.com/menu/	More info coming soon...
Bon Me	Lunch/Dinner â˜€ï¸ğŸŒ™	60 Binney Street, Cambridge, MA 02142	https://maps.apple.com/?address=60%20Binney%20St,%20Cambridge,%20MA%20%2002142,%20United%20States&auid=1965137564107938702&ll=42.364938,-71.079211&lsp=9902&q=Bon%20Me	42.364966	-71.07964145	https://bonmetruck.com/menu/	More info coming soon...
Bon Me	Lunch/Dinner â˜€ï¸ğŸŒ™	Harvard's Smith Campus Center, 1350 Massachusetts Ave, Cambridge MA 02138	https://maps.apple.com/?address=1350%20Massachusetts%20Ave,%20Cambridge,%20MA%20%2002138,%20United%20States&auid=11999106422080300835&ll=42.372867,-71.118454&lsp=9902&q=Bon%20Me	42.37268118	-71.11859867	https://bonmetruck.com/menu/	More info coming soon...
Boston Kebab House	Lunch/Dinner â˜€ï¸ğŸŒ™	 7 LIBERTY SQUARE, Boston, MA 02109	https://maps.apple.com/?address=7%20Liberty%20Square,%20Boston,%20MA%2002109,%20United%20States&auid=2765010644508929138&ll=42.358104,-71.055366&lsp=9902&q=Boston%20Kebab	42.35810717	-71.05526513	https://bostonkebab.com/	This Mediterranean restaurant is friendly toward dairy-free, gluten-free, and vegan guests with menu labels and a range of options.
Cava	Lunch/Dinner â˜€ï¸ğŸŒ™	669 Boylston St, Boston, MA 02116	https://maps.apple.com/?address=669%20Boylston%20St,%20Boston,%20MA%20%2002116,%20United%20States&auid=15553904259513370217&ll=42.349937,-71.078839&lsp=9902&q=CAVA	42.34991979	-71.07882586	https://cava.com/nutrition	This build-your-own bowl chain offers an allergen chart thatâ€™s quite promising for dairy-free guests. All of their proteins, bowl bases, and toppings (aside from cheese) are dairy-free, and they have many dressings and sauces to choose from.
 Cava 	Lunch/Dinner â˜€ï¸ğŸŒ™	800 Boylston St, Boston, MA 02199	https://maps.apple.com/?address=800%20Boylston%20St,%20Boston,%20MA%20%2002199,%20United%20States&auid=9277727645519327818&ll=42.347347,-71.081517&lsp=9902&q=CAVA	42.3484893	-71.08261065	https://cava.com/nutrition	This build-your-own bowl chain offers an allergen chart thatâ€™s quite promising for dairy-free guests. All of their proteins, bowl bases, and toppings (aside from cheese) are dairy-free, and they have many dressings and sauces to choose from.
 Cava 	Lunch/Dinner â˜€ï¸ğŸŒ™	1346 Boylston St, Boston, MA 02215	https://maps.apple.com/?address=1346%20Boylston%20St,%20Boston,%20MA%20%2002215,%20United%20States&auid=16690842680365101&ll=42.344012,-71.099200&lsp=9902&q=CAVA	42.34403815	-71.09922086	https://cava.com/nutrition	This build-your-own bowl chain offers an allergen chart thatâ€™s quite promising for dairy-free guests. All of their proteins, bowl bases, and toppings (aside from cheese) are dairy-free, and they have many dressings and sauces to choose from.
 Cava 	Lunch/Dinner â˜€ï¸ğŸŒ™	82 Ames St, Cambridge, MA 02142	https://maps.apple.com/?address=82%20Ames%20St,%20Cambridge,%20MA%20%2002142,%20United%20States&auid=1452638046279300773&ll=42.363144,-71.087825&lsp=9902&q=CAVA	42.36324909	-71.08777206	https://cava.com/nutrition	This build-your-own bowl chain offers an allergen chart thatâ€™s quite promising for dairy-free guests. All of their proteins, bowl bases, and toppings (aside from cheese) are dairy-free, and they have many dressings and sauces to choose from.
Clover Food Lab	Star â­ï¸, Vegan ğŸƒ, Healthy ğŸ	360 Longwood Ave, Boston, MA 02215	https://maps.apple.com/?address=360%20Longwood%20Ave,%20Boston,%20MA%20%2002215,%20United%20States&auid=2162453340582339135&ll=42.339029,-71.107823&lsp=9902&q=Clover	42.33901195	-71.1078261	https://www.cloverfoodlab.com/our-food/	This quick serve spot is more than a vegetarian restaurant. They serve lunch and dinner, offer meal boxes and subscriptions for delivery, and have a CSA farm share. Their menu changes regularly, but they clearly label allergens and much of their menu is dairy free.
Clover Food Lab	Star â­ï¸, Vegan ğŸƒ, Healthy ğŸ	800 Boylston St Suite 15, Boston, MA 02199	https://maps.apple.com/?address=800%20Boylston%20St,%20Boston,%20MA%2002199,%20United%20States&auid=1996318837772766369&ll=42.346792,-71.083146&lsp=9902&q=Clover	42.3471654	-71.08252943	https://www.cloverfoodlab.com/our-food/	This quick serve spot is more than a vegetarian restaurant. They serve lunch and dinner, offer meal boxes and subscriptions for delivery, and have a CSA farm share. Their menu changes regularly, but they clearly label allergens and much of their menu is dairy free.
Clover Food Lab	Star â­ï¸, Vegan ğŸƒ, Healthy ğŸ	565 Boylston St, Boston, MA 02116	https://maps.apple.com/?address=565%20Boylston%20St,%20Boston,%20MA%20%2002116,%20United%20States&auid=17424787864937362101&ll=42.350641,-71.076355&lsp=9902&q=Clover%20Food%20Lab	42.35059541	-71.07631127	https://www.cloverfoodlab.com/our-food/	This quick serve spot is more than a vegetarian restaurant. They serve lunch and dinner, offer meal boxes and subscriptions for delivery, and have a CSA farm share. Their menu changes regularly, but they clearly label allergens and much of their menu is dairy free.
Clover Food Lab	Star â­ï¸, Vegan ğŸƒ, Healthy ğŸ	5 Cambridge Ctr, Cambridge, MA 02139	https://maps.apple.com/?address=5%20Cambridge%20Center,%20Cambridge,%20MA%2002139,%20United%20States&auid=18189180324299970874&ll=42.362191,-71.089665&lsp=9902&q=Clover%20Food%20Lab	42.36270445	-71.08764729	https://www.cloverfoodlab.com/our-food/	This quick serve spot is more than a vegetarian restaurant. They serve lunch and dinner, offer meal boxes and subscriptions for delivery, and have a CSA farm share. Their menu changes regularly, but they clearly label allergens and much of their menu is dairy free.
Clover Food Lab	Star â­ï¸, Vegan ğŸƒ, Healthy ğŸ	360 Longwood Ave, Boston, MA 02215	https://maps.apple.com/?address=360%20Longwood%20Ave,%20Boston,%20MA%20%2002215,%20United%20States&auid=2162453340582339135&ll=42.339029,-71.107823&lsp=9902&q=Clover	42.33904481	-71.10784722	https://www.cloverfoodlab.com/our-food/	This quick serve spot is more than a vegetarian restaurant. They serve lunch and dinner, offer meal boxes and subscriptions for delivery, and have a CSA farm share. Their menu changes regularly, but they clearly label allergens and much of their menu is dairy free.
Clover Food Lab	Star â­ï¸, Vegan ğŸƒ, Healthy ğŸ	496 Massachusetts Ave, Cambridge, MA 02139	https://maps.apple.com/?address=496%20Massachusetts%20Ave,%20Cambridge,%20MA%20%2002139,%20United%20States&auid=6362951265912733958&ll=42.363937,-71.101606&lsp=9902&q=Clover	42.36391472	-71.10162852	https://www.cloverfoodlab.com/our-food/	This quick serve spot is more than a vegetarian restaurant. They serve lunch and dinner, offer meal boxes and subscriptions for delivery, and have a CSA farm share. Their menu changes regularly, but they clearly label allergens and much of their menu is dairy free.
Clover Food Lab	Star â­ï¸, Vegan ğŸƒ, Healthy ğŸ	1075 Cambridge St, Cambridge, MA 02139	https://maps.apple.com/?address=1075%20Cambridge%20St,%20Cambridge,%20MA%20%2002139,%20United%20States&auid=10796585185697067859&ll=42.373316,-71.095025&lsp=9902&q=Clover	42.37325046	-71.09503813	https://www.cloverfoodlab.com/our-food/	This quick serve spot is more than a vegetarian restaurant. They serve lunch and dinner, offer meal boxes and subscriptions for delivery, and have a CSA farm share. Their menu changes regularly, but they clearly label allergens and much of their menu is dairy free.
Clover Food Lab	Star â­ï¸, Vegan ğŸƒ, Healthy ğŸ	1326 Massachusetts Ave, Cambridge, MA 02138	https://maps.apple.com/?address=1326%20Massachusetts%20Ave,%20Cambridge,%20MA%20%2002138,%20United%20States&auid=1785917697811319925&ll=42.372875,-71.117934&lsp=9902&q=Clover	42.37294402	-71.11786705	https://www.cloverfoodlab.com/our-food/	This quick serve spot is more than a vegetarian restaurant. They serve lunch and dinner, offer meal boxes and subscriptions for delivery, and have a CSA farm share. Their menu changes regularly, but they clearly label allergens and much of their menu is dairy free.
Cocbeet	Vegan ğŸƒ, Healthy ğŸ	100 City Hall Plaza Boston, MA 02108	https://maps.apple.com/?address=100%20City%20Hall%20Plaza,%20Boston,%20MA%20%2002108,%20United%20States&auid=3460352902051633091&ll=42.359500,-71.058858&lsp=9902&q=Cocobeet	42.35945019	-71.05886355	https://www.cocobeet.com/faq	They bottle their own cold-pressed juices, dairy-free mylks, and Smoothies, but also serve a completely Plant-Based menu in their Cafe. It includes Smoothie ğŸ§ƒ bowls, grain bowls, green bowls, toasts, soups, salads, Sandwiches, and an array of raw energy bites.
Davio's Northern Italian Steakhouse	Grill ğŸ”	75 Arlington St, Boston, MA 02116	https://maps.apple.com/?address=75%20Arlington%20St,%20Boston,%20MA%20%2002116,%20United%20States&auid=14837583368304507333&ll=42.350254,-71.070227&lsp=9902&q=Davio's	42.35051806	-71.07031325	https://davios.com/	Thank you to Keira for recommending this Italian steakhouse. â€œI have a very long relationship with davios, and would recommend them in general for a fab dining experience. With the birth of my dairy allergic son, Iâ€™ve had to be super careful about consumption and davios has been incredible. They have a allergy protocol, a manager will deliver your dish personally. They are deeply knowledgeable about their menu and will modify whatever they can to ensure you have a safe and delicious lunch or dinner.â€
Davio's Northern Italian Steakhouse	Grill ğŸ”	26 Fan Pier Boulevard, Boston, MA 02210	https://maps.apple.com/?address=26%20Fan%20Pier%20Blvd,%20Boston,%20MA%20%2002210,%20United%20States&auid=10944138753162643035&ll=42.354348,-71.044175&lsp=9902&q=Davio's	42.35453535	-71.04450249	https://davios.com/	Thank you to Keira for recommending this Italian steakhouse. â€œI have a very long relationship with davios, and would recommend them in general for a fab dining experience. With the birth of my dairy allergic son, Iâ€™ve had to be super careful about consumption and davios has been incredible. They have a allergy protocol, a manager will deliver your dish personally. They are deeply knowledgeable about their menu and will modify whatever they can to ensure you have a safe and delicious lunch or dinner.â€
Davio's Northern Italian Steakhouse	Grill ğŸ”	1 Harborside Dr, Boston, MA 02128	https://maps.apple.com/?address=1%20Harborside%20Dr,%20Boston,%20MA%2002128,%20United%20States&auid=16828581977348847765&ll=42.366423,-71.015574&lsp=9902&q=Davio's	42.36658343	-71.01661583	https://davios.com/	Thank you to Keira for recommending this Italian steakhouse. â€œI have a very long relationship with davios, and would recommend them in general for a fab dining experience. With the birth of my dairy allergic son, Iâ€™ve had to be super careful about consumption and davios has been incredible. They have a allergy protocol, a manager will deliver your dish personally. They are deeply knowledgeable about their menu and will modify whatever they can to ensure you have a safe and delicious lunch or dinner.â€
Dirty Water Dough Co.	Bakery ğŸ, Dessert ğŸ°	20 Maverick Street Boston, MA, 02128 United States	https://maps.apple.com/?address=20%20Maverick%20St,%20Boston,%20MA%20%2002128,%20United%20States&auid=7680170486379281872&ll=42.371655,-71.042120&lsp=9902&q=Dirty%20Water%20Dough%20Co.	42.37165677	-71.0420606	https://www.dirtywaterdough.com/menu	Their Pizza dough is made with their own Dirty Water IPA, and it is dairy-free (their gluten-free crust is not). They have a vegan cheese Pizza right on their menu, and most of their Pizzas can be custom ordered dairy free
Dirty Water Dough Co.	Bakery ğŸ, Dessert ğŸ°	222 Newbury Street, Boston, MA, 02116	https://maps.apple.com/?address=222%20Newbury%20St,%20Boston,%20MA%20%2002116,%20United%20States&auid=15049088701022296124&ll=42.349731,-71.081082&lsp=9902&q=Dirty%20Water%20Dough%20Co.	42.34974738	-71.08108706	https://www.dirtywaterdough.com/menu	Their Pizza dough is made with their own Dirty Water IPA, and it is dairy-free (their gluten-free crust is not). They have a vegan cheese Pizza right on their menu, and most of their Pizzas can be custom ordered dairy free
Donut Villa Diner 	Bakery ğŸ, Dessert ğŸ°	20 Prospect St, Cambridge, MA 02139	https://maps.apple.com/?address=20%20Prospect%20St,%20Cambridge,%20MA%20%2002139,%20United%20States&auid=11948349002202411987&ll=42.365829,-71.103457&lsp=9902&q=Donut%20Villa%20Diner	42.36583661	-71.10352097	https://www.donutvilladiner.com/	They have a whole vegan menu of options, including pancakes, waffles, â€œchickenâ€ and waffles, Sandwiches, scrambles, mac and cheese, and more. Additional menu items can be ordered dairy free.
El Pelon Taqueria	Mexican ğŸ‡²ğŸ‡½, Lunch/Dinner â˜€ï¸ğŸŒ™	92 Peterborough St, Boston MA 02215	https://maps.apple.com/?address=92%20Peterborough%20St,%20Boston,%20MA%20%2002215,%20United%20States&auid=17210856732176025358&ll=42.343086,-71.099095&lsp=9902&q=El%20Pelon%20Taqueria	42.34307059	-71.09906418	https://static1.squarespace.com/static/5ace3e68cc8fed1087073521/t/5b23cc376d2a737c4e47cc54/1529072698551/El_Pelon_Nutrition_Facts_and_Allergy.pdf	They happily welcome dairy-free and gluten-free guests, with dairy-free options for their tacos, burritos, platos, and more.
Emack & Bolio's	Lunch/Dinner â˜€ï¸ğŸŒ™	290 Newbury St. Boston, MA	https://maps.apple.com/?address=290%20Newbury%20St,%20Boston,%20MA%20%2002115,%20United%20States&auid=12289674675116587779&ll=42.348823,-71.084622&lsp=9902&q=Emack%20%26%20Bolio's	42.34881714	-71.08456829	http://emackandbolioscapecod.com/flavors/nutrition-facts/	This Boston-based Ice Creamery churns a handful of vegan flavors made with coconut milk. They include Cappucino Fudge Swirl, Chocolate Pudding, Mint Chocolate Freckle, Raspberry Chocolate Krispy Rice, Goa Mango, and Toasted Coconut. They also offer dairy-free sorbets.
Energize Boston	Healthy ğŸ, Drink ğŸ§‰, Smoothie ğŸ§ƒ	265 Massachusetts Ave, Boston, MA 02115 (Symphony Hall)	https://maps.apple.com/?address=265%20Massachusetts%20Ave,%20Boston,%20MA%20%2002115,%20United%20States&auid=5104688136973246843&ll=42.343708,-71.086358&lsp=9902&q=energize	42.34370378	-71.08626849	https://energizeboston.com/	This dairy-free and mostly vegan Cafe (they use honey on some products) is located in the Brighton neighborhood. They serve a full menu of Healthy organic salads, toasts, Smoothie bowls, and Smoothies.
Energize Boston	Healthy ğŸ, Drink ğŸ§‰, Smoothie ğŸ§ƒ	1930 Beacon Steet, Boston 02135 ( Cleveland Circle)	https://maps.apple.com/?address=1930%20Beacon%20St,%20Boston,%20MA%20%2002135,%20United%20States&auid=13064084191554955542&ll=42.336485,-71.149720&lsp=9902&q=Energize	42.33638631	-71.15018378	https://energizeboston.com/	This dairy-free and mostly vegan Cafe (they use honey on some products) is located in the Brighton neighborhood. They serve a full menu of Healthy organic salads, toasts, Smoothie bowls, and Smoothies.
Estragon Tapas Bar	Lunch/Dinner â˜€ï¸ğŸŒ™	700 Harrison Ave, Boston, MA 02118	https://maps.apple.com/?address=700%20Harrison%20Ave,%20Boston,%20MA%20%2002118,%20United%20States&auid=8451671638224553586&ll=42.338396,-71.070428&lsp=9902&q=Estragon%20Tapas%20Bar	42.33839225	-71.07043568	https://www.estragontapas.com/	The owner is a Madrid native, lending authentic flare to their plates. In fact, some dishes are from family recipes. They boldly label vegan and gluten-free options on their menus, of which there are many. Weâ€™ve been told theyâ€™re also well versed for other special diet needs, and have several more â€œjust dairy freeâ€ items available.
Far Out 	Lunch/Dinner â˜€ï¸ğŸŒ™	419 HARVARD ST. BROOKLINE, MA 02446	https://maps.apple.com/?address=419%20Harvard%20St,%20Brookline,%20MA%20%2002446,%20United%20States&auid=9206274691219808203&ll=42.345502,-71.126956&lsp=9902&q=Far%20Out	42.34548098	-71.12700144	https://www.farouticecream.com/now-scooping	The original home of this New Zealand Ice Creamery is at the Red Sox stadium. But theyâ€™re also opening a brick and mortar shop. They blend your choice of real fruit into a vanilla Ice Cream base, and have a dairy-free vanilla Ice Cream base option.
Fire + Ice	Lunch/Dinner â˜€ï¸ğŸŒ™	205 Berkeley St, Boston, MA 02116	https://maps.apple.com/?address=205%20Berkeley%20St,%20Boston,%20MA%20%2002116,%20United%20States&auid=15435929782621645250&ll=42.350630,-71.072537&lsp=9902&q=FiRE+iCE	42.35066604	-71.07247667	https://fire-ice.com/locations/boston-ma/	A reader named Janet recommended two California locations for dairy-free lunch, dinner, and brunch options. But they recently opened a third location in Boston. Itâ€™s a Mongolian BBQ type place, but they offer a global array of flavors. Since you pick your own ingredients, it makes it easy to order without dairy and choose the right sauces. Janet said, â€œIf the Grill has already been used or is being used for things that shouldnâ€™t be anywhere near my food, they take mine to the back and cook it in a separate pan and deliver it to my table.â€
Flour Bakery + Cafe â­ï¸ 	Star â­ï¸, Bakery ğŸ, Cafe â˜•ï¸	30 Dalton St, Boston, MA 02115	https://maps.apple.com/?address=30%20Dalton%20St,%20Boston,%20MA%20%2002115,%20United%20States&auid=16553675420152368546&ll=42.345985,-71.084590&lsp=9902&q=Flour%20Bakery ğŸ%20+%20Caf%C3%A9	42.34596088	-71.08472735	https://www.flourBakery.com/menu	Their savory menu includes a handful of gourmet dairy-free Sandwiches and salads. And they usually have a few dairy-free pastries, like vegan muffin tops, macaroons, and meringues. They also bake custom order cakes.
Flour Bakery + Cafe â­ï¸ 	Star â­ï¸, Bakery ğŸ, Cafe â˜•ï¸	131 Clarendon St, Boston, MA 02116	https://maps.apple.com/?address=131%20Clarendon%20St,%20Boston,%20MA%20%2002116,%20United%20States&auid=2401772595078362694&ll=42.348314,-71.073733&lsp=9902&q=Flour%20Bakery ğŸ%20+%20Caf%C3%A9	42.34832684	-71.07377755	https://www.flourBakery.com/menu	Their savory menu includes a handful of gourmet dairy-free Sandwiches and salads. And they usually have a few dairy-free pastries, like vegan muffin tops, macaroons, and meringues. They also bake custom order cakes.
Flour Bakery + Cafe â­ï¸ 	Star â­ï¸, Bakery ğŸ, Cafe â˜•ï¸	190 Massachusetts Ave, Cambridge, MA 02139	https://maps.apple.com/?address=190%20Massachusetts%20Ave,%20Cambridge,%20MA%20%2002139,%20United%20States&auid=15742845599313884471&ll=42.361025,-71.096751&lsp=9902&q=Flour%20Bakery ğŸ%20+%20Caf%C3%A9	42.36099006	-71.0966268	https://www.flourBakery.com/menu	Their savory menu includes a handful of gourmet dairy-free Sandwiches and salads. And they usually have a few dairy-free pastries, like vegan muffin tops, macaroons, and meringues. They also bake custom order cakes.
Flour Bakery + Cafe â­ï¸ 	Star â­ï¸, Bakery ğŸ, Cafe â˜•ï¸	40 Erie St, Cambridge, MA 02139	https://maps.apple.com/?address=40%20Erie%20St,%20Cambridge,%20MA%20%2002139,%20United%20States&auid=4985981750173021017&ll=42.357753,-71.104226&lsp=9902&q=Flour%20Bakery ğŸ%20+%20Caf%C3%A9	42.35732656	-71.10464782	https://www.flourBakery.com/menu	Their savory menu includes a handful of gourmet dairy-free Sandwiches and salads. And they usually have a few dairy-free pastries, like vegan muffin tops, macaroons, and meringues. They also bake custom order cakes.
Flour Bakery + Cafe â­ï¸ 	Star â­ï¸, Bakery ğŸ, Cafe â˜•ï¸	114 Mt Auburn St, Cambridge, MA 02138	https://maps.apple.com/?address=114%20Mt%20Auburn%20St,%20Cambridge,%20MA%20%2002138,%20United%20States&auid=8301273385480236819&ll=42.373024,-71.122368&lsp=9902&q=Flour%20Bakery ğŸ%20+%20Caf%C3%A9	42.37303979	-71.12238458	https://www.flourBakery.com/menu	Their savory menu includes a handful of gourmet dairy-free Sandwiches and salads. And they usually have a few dairy-free pastries, like vegan muffin tops, macaroons, and meringues. They also bake custom order cakes.
Flour Bakery + Cafe â­ï¸ 	Star â­ï¸, Bakery ğŸ, Cafe â˜•ï¸	209 Cambridge St, Boston, MA 02114	https://maps.apple.com/?address=209%20Cambridge%20St,%20Boston,%20MA%20%2002114,%20United%20States&auid=14962648586884770094&ll=42.361354,-71.066673&lsp=9902&q=Flour%20Bakery ğŸ%20+%20Caf%C3%A9	42.36133785	-71.06663609	https://www.flourBakery.com/menu	Their savory menu includes a handful of gourmet dairy-free Sandwiches and salads. And they usually have a few dairy-free pastries, like vegan muffin tops, macaroons, and meringues. They also bake custom order cakes.
Flour Bakery + Cafe â­ï¸ 	Star â­ï¸, Bakery ğŸ, Cafe â˜•ï¸	1595 Washington St, Boston, MA 02118	https://maps.apple.com/?address=1595%20Washington%20St,%20Boston,%20MA%20%2002118,%20United%20States&auid=9246512173907600496&ll=42.338451,-71.074524&lsp=9902&q=Flour%20Bakery ğŸ%20+%20Caf%C3%A9	42.33846193	-71.07455507	https://www.flourBakery.com/menu	Their savory menu includes a handful of gourmet dairy-free Sandwiches and salads. And they usually have a few dairy-free pastries, like vegan muffin tops, macaroons, and meringues. They also bake custom order cakes.
Flour Bakery + Cafe â­ï¸ 	Star â­ï¸, Bakery ğŸ, Cafe â˜•ï¸	12 Farnsworth St, Boston, MA 02210	https://maps.apple.com/?address=12%20Farnsworth%20St,%20Boston,%20MA%20%2002210,%20United%20States&auid=2663996044063891808&ll=42.351280,-71.048837&lsp=9902&q=Flour%20Bakery ğŸ%20+%20Caf%C3%A9	42.3512329	-71.04875929	https://www.flourBakery.com/menu	Their savory menu includes a handful of gourmet dairy-free Sandwiches and salads. And they usually have a few dairy-free pastries, like vegan muffin tops, macaroons, and meringues. They also bake custom order cakes.
FoMu	Dessert ğŸ°, Ice Cream ğŸ¦ 	655 Tremont St, Boston, MA 02118	https://maps.apple.com/?address=655%20Tremont%20St,%20Boston,%20MA%20%2002118,%20United%20States&auid=7975781128924564411&ll=42.342079,-71.075583&lsp=9902&q=FoMu	42.34213856	-71.07566564	https://www.fomuicecream.com/ingredients/	At last count, they had two locations in Boston, one on the South End and in the Fenway area. Both are purely vegan Ice Cream parlors offering unique scoops and an array of desserts â€” from fresh-baked cookies and magic bars to billowing waffle cones and Ice Cream cakes.
FoMu	Dessert ğŸ°, Ice Cream ğŸ¦ 	140 Brookline Ave, Boston, MA 02215	https://maps.apple.com/?address=140%20Brookline%20Ave,%20Boston,%20MA%20%2002215,%20United%20States&auid=13630806322219058750&ll=42.344339,-71.101355&lsp=9902&q=FoMu	42.34498555	-71.10053887	https://www.fomuicecream.com/ingredients/	At last count, they had two locations in Boston, one on the South End and in the Fenway area. Both are purely vegan Ice Cream parlors offering unique scoops and an array of desserts â€” from fresh-baked cookies and magic bars to billowing waffle cones and Ice Cream cakes.
FoMu	Dessert ğŸ°, Ice Cream ğŸ¦ 	617 Centre St, Jamaica Plain, MA 02130	https://maps.apple.com/?address=617%20Centre%20St,%20Boston,%20MA%20%2002130,%20United%20States&auid=327546642360360892&ll=42.314302,-71.114266&lsp=9902&q=FoMu	42.32200767	-71.10985422	https://www.fomuicecream.com/ingredients/	At last count, they had two locations in Boston, one on the South End and in the Fenway area. Both are purely vegan Ice Cream parlors offering unique scoops and an array of desserts â€” from fresh-baked cookies and magic bars to billowing waffle cones and Ice Cream cakes.
GreCo	Greek ğŸ‡¬ğŸ‡·	225 Newbury St, Boston, MA 02116	https://maps.apple.com/?address=225%20Newbury%20St,%20Boston,%20MA%20%2002116,%20United%20States&auid=2294118881294847821&ll=42.350071,-71.081704&lsp=9902&q=Greco	42.35002056	-71.08165331	https://grecotrulyGreek.com/wp-content/uploads/2022/07/ALLERGEN-MENU-JUL-2022.pdf	Valerie says this local chain â€œis shockingly decent for people who are dairy-free. Their outstanding zucchini chips are dairy-free, and their pitas can almost all be made without dairy.â€ They offer a classic menu of pitas, plates, salads, and souvlaki.
GreCo	Greek ğŸ‡¬ğŸ‡·	1 Milk St, Boston, MA 02109	https://maps.apple.com/?address=1%20Milk%20St,%20Boston,%20MA%20%2002109,%20United%20States&auid=15410393453211031087&ll=42.356722,-71.058403&lsp=9902&q=GRECO	42.35679481	-71.05855883	https://grecotrulyGreek.com/wp-content/uploads/2022/07/ALLERGEN-MENU-JUL-2022.pdf	Valerie says this local chain â€œis shockingly decent for people who are dairy-free. Their outstanding zucchini chips are dairy-free, and their pitas can almost all be made without dairy.â€ They offer a classic menu of pitas, plates, salads, and souvlaki.
GreCo	Greek ğŸ‡¬ğŸ‡·	200 Pier 4 Blvd., Boston, MA 02210	https://maps.apple.com/?address=200%20Pier%204%20Blvd,%20Boston,%20MA%20%2002210,%20United%20States&auid=1160299024995402408&ll=42.352024,-71.042835&lsp=9902&q=Greco	42.35196165	-71.04282008	https://grecotrulyGreek.com/wp-content/uploads/2022/07/ALLERGEN-MENU-JUL-2022.pdf	Valerie says this local chain â€œis shockingly decent for people who are dairy-free. Their outstanding zucchini chips are dairy-free, and their pitas can almost all be made without dairy.â€ They offer a classic menu of pitas, plates, salads, and souvlaki.
Hokkaido Ramen Santouka	Ramen ğŸœ, Lunch/Dinner â˜€ï¸ğŸŒ™	66 Hereford St, Boston, MA 02115	https://maps.apple.com/?address=66%20Hereford%20St,%20Boston,%20MA%20%2002115,%20United%20States&auid=10200217809627383185&ll=42.348457,-71.085339&lsp=9902&q=Hokkaido%20Ramen ğŸœ%20Santouka	42.34846624	-71.08533927	https://www.santouka.co.jp/en	Shoyu Ramen and many other options are dairy-free. Speak with your server
Hokkaido Ramen Santouka	Ramen ğŸœ, Lunch/Dinner â˜€ï¸ğŸŒ™	1 Bow St, Cambridge, MA 02138	https://maps.apple.com/?address=1%20Bow%20St,%20Cambridge,%20MA%20%2002138,%20United%20States&auid=11032271871475671243&ll=42.372118,-71.115855&lsp=9902&q=Hokkaido%20Ramen ğŸœ%20Santouka	42.37215848	-71.11591253	https://www.santouka.co.jp/en	Shoyu Ramen and many other options are dairy-free. Speak with your server
Honeygrow 	Lunch/Dinner â˜€ï¸ğŸŒ™	1282 Boylston St., Boston, MA 02215	https://maps.apple.com/?address=1282%20Boylston%20St,%20Boston,%20MA%20%2002215,%20United%20States&auid=15079065984668622106&ll=42.344661,-71.096647&lsp=9902&q=honeygrow	42.34461399	-71.09698541	https://honeygrow-nutrition.s3.amazonaws.com/hg+-+nutritional+%26+allergy+-+winter+2020.pdf	This fresh restaurant concept offers several dairy-free stir fries, build-your-own salad with many dairy-free dressing options, and a â€œhoneybarâ€ where you pick your fruit, honey drizzle, and other toppings. They have a great allergen chart available, which breaks down all components for the build-your-own options.
Honeygrow 	Lunch/Dinner â˜€ï¸ğŸŒ™	100 Northern Ave., Boston, MA 02210	https://maps.apple.com/?address=100%20Northern%20Ave,%20Boston,%20MA%20%2002210,%20United%20States&auid=8274237245902781454&ll=42.352085,-71.043650&lsp=9902&q=honeygrow	42.35237455	-71.04334595	https://honeygrow-nutrition.s3.amazonaws.com/hg+-+nutritional+%26+allergy+-+winter+2020.pdf	This fresh restaurant concept offers several dairy-free stir fries, build-your-own salad with many dairy-free dressing options, and a â€œhoneybarâ€ where you pick your fruit, honey drizzle, and other toppings. They have a great allergen chart available, which breaks down all components for the build-your-own options.
Innaâ€™s Kitchen â­ï¸ 	Lunch/Dinner â˜€ï¸ğŸŒ™, Bakery ğŸ	547 Commonwealth Ave, Newton, MA 02459	https://maps.apple.com/?address=547%20Commonwealth%20Ave,%20Newton,%20MA%20%2002459,%20United%20States&auid=14840123789676968489&ll=42.336545,-71.189037&lsp=9902&q=Inna's%20Kitchen%20Culinaria	42.33655446	-71.18895153	https://innaskitchen.com/blog/nnaskitchen.com/p/gluten-free.html	This Newton-based kitchen also sells via WhatsGood at the Boston Public Market. They offer homemade to-go meals, baked goods, and frozen entrees, which are kosher, gluten-free, dairy-free, and nut-free.
Insomnia Cookies 	Dessert ğŸ°, Bakery ğŸ	708 Commonwealth Ave, Boston, MA 02215	https://maps.apple.com/?address=708%20Commonwealth%20Ave,%20Boston,%20MA%20%2002215,%20United%20States&auid=13964753445740491770&ll=42.349549,-71.105441&lsp=9902&q=Insomnia%20Cookies	42.34954166	-71.10543601	https://app.insomniacookies.com/vegan-gluten-free-chocolate-chip-cookie#:~:text=Is%20Insomnia%20Cookies%20allergy%20friendly,allergies%20not%20consume%20our%20products.	This sweet chain offers a few flavors of vegan cookies year round, like Birthday Cake and Double Chocolate Chunk. But they also bake up seasonal vegan flavors throughout the year.
Insomnia Cookies 	Dessert ğŸ°, Bakery ğŸ	65 Mt Auburn St, Cambridge, MA 02138	https://maps.apple.com/?address=65%20Mt%20Auburn%20St,%20Cambridge,%20MA%20%2002138,%20United%20States&auid=16036629832204419444&ll=42.372040,-71.118029&lsp=9902&q=Insomnia%20Cookies	42.37199323	-71.1180539	https://app.insomniacookies.com/vegan-gluten-free-chocolate-chip-cookie#:~:text=Is%20Insomnia%20Cookies%20allergy%20friendly,allergies%20not%20consume%20our%20products.	This sweet chain offers a few flavors of vegan cookies year round, like Birthday Cake and Double Chocolate Chunk. But they also bake up seasonal vegan flavors throughout the year.
Insomnia Cookies 	Dessert ğŸ°, Bakery ğŸ	61 Bromfield St, Boston, MA 02108	https://maps.apple.com/?address=61%20Bromfield%20St,%20Boston,%20MA%20%2002108,%20United%20States&auid=3080421544798025692&ll=42.357028,-71.060763&lsp=9902&q=Insomnia%20Cookies	42.35705155	-71.06077863	https://app.insomniacookies.com/vegan-gluten-free-chocolate-chip-cookie#:~:text=Is%20Insomnia%20Cookies%20allergy%20friendly,allergies%20not%20consume%20our%20products.	This sweet chain offers a few flavors of vegan cookies year round, like Birthday Cake and Double Chocolate Chunk. But they also bake up seasonal vegan flavors throughout the year.
Intelligentsia 	Coffee â˜•ï¸, Bakery ğŸ	810 Mount Auburn St. Watertown, MA 02472	https://maps.apple.com/?address=810%20Mt%20Auburn%20St,%20Watertown,%20MA%20%2002472,%20United%20States&auid=17701257829276364453&ll=42.374553,-71.150985&lsp=9902&q=Intelligentsia%20Coffee â˜•ï¸	42.37452955	-71.1510191	https://www.intelligentsia.com/	This U.S. Coffee chain offers oat milk and almond milk, and usually has a specialty dairy-free Drink right on the menu. They also typically have a couple vegan pastry options (not guaranteed, but most locations have a rotating selection) and some vegan pre-packaged food options.
Intelligentsia 	Coffee â˜•ï¸, Bakery ğŸ	225 Franklin St. Boston, MA 02110	https://maps.apple.com/?address=225%20Franklin%20St,%20Boston,%20MA%20%2002110,%20United%20States&auid=7697699305799906155&ll=42.356042,-71.053999&lsp=9902&q=Intelligentsia	42.35596112	-71.05395334	https://www.intelligentsia.com/	This U.S. Coffee chain offers oat milk and almond milk, and usually has a specialty dairy-free Drink right on the menu. They also typically have a couple vegan pastry options (not guaranteed, but most locations have a rotating selection) and some vegan pre-packaged food options.
J.P. Licks â­ï¸ 	Star â­ï¸, Ice Cream ğŸ¦, Dessert ğŸ°	1106 Boylston St, Boston, MA 02215	https://maps.apple.com/?address=1106%20Boylston%20St,%20Boston,%20MA%2002115,%20United%20States&auid=382322308583141014&ll=42.346880,-71.088589&lsp=9902&q=J.P.%20Licks	42.3467988	-71.0885557	https://jplicks.com/product/allergen-information/	This popular local Ice Cream chain does a great job of labeling for dairy-free, gluten-free, and vegan customers. They regularly offer some creamy dairy-free flavors, usually made with coconut milk or oat milk. They also offer nuts, coconut, crushed cookies, fruits, and peanut butter sauce as dairy-free toppings, and can whip you up a creamy dairy-free frappe, among other Drinks. For milkshakes and Coffee Drinks, they have almond milk, coconut milk, and soy milk available. They have several locations around the city.
J.P. Licks â­ï¸ 	Star â­ï¸, Ice Cream ğŸ¦, Dessert ğŸ°	173 Newbury St, Boston, MA 02116	https://maps.apple.com/?address=173%20Newbury%20St,%20Boston,%20MA%20%2002116,%20United%20States&auid=2356076851270820934&ll=42.350703,-71.079193&lsp=9902&q=J.P.%20Licks	42.35068483	-71.07923339	https://jplicks.com/product/allergen-information/	This popular local Ice Cream chain does a great job of labeling for dairy-free, gluten-free, and vegan customers. They regularly offer some creamy dairy-free flavors, usually made with coconut milk or oat milk. They also offer nuts, coconut, crushed cookies, fruits, and peanut butter sauce as dairy-free toppings, and can whip you up a creamy dairy-free frappe, among other Drinks. For milkshakes and Coffee Drinks, they have almond milk, coconut milk, and soy milk available. They have several locations around the city.
J.P. Licks â­ï¸ 	Star â­ï¸, Ice Cream ğŸ¦, Dessert ğŸ°	150 Charles St, Boston, MA 02114	https://maps.apple.com/?address=150%20Charles%20St,%20Boston,%20MA%20%2002114,%20United%20States&auid=14986392012293571088&ll=42.360101,-71.070963&lsp=9902&q=JP%20Licks	42.29965843	-71.06516116	https://jplicks.com/product/allergen-information/	This popular local Ice Cream chain does a great job of labeling for dairy-free, gluten-free, and vegan customers. They regularly offer some creamy dairy-free flavors, usually made with coconut milk or oat milk. They also offer nuts, coconut, crushed cookies, fruits, and peanut butter sauce as dairy-free toppings, and can whip you up a creamy dairy-free frappe, among other Drinks. For milkshakes and Coffee Drinks, they have almond milk, coconut milk, and soy milk available. They have several locations around the city.
J.P. Licks â­ï¸ 	Star â­ï¸, Ice Cream ğŸ¦, Dessert ğŸ°	1618 Tremont St, One Brigham Circle, Boston, MA 02120	https://maps.apple.com/?address=1618%20Tremont%20St,%20Boston,%20MA%20%2002120,%20United%20States&auid=8829270668529032749&ll=42.333801,-71.104172&lsp=9902&q=J.P.%20Licks	42.33373279	-71.10415578	https://jplicks.com/product/allergen-information/	This popular local Ice Cream chain does a great job of labeling for dairy-free, gluten-free, and vegan customers. They regularly offer some creamy dairy-free flavors, usually made with coconut milk or oat milk. They also offer nuts, coconut, crushed cookies, fruits, and peanut butter sauce as dairy-free toppings, and can whip you up a creamy dairy-free frappe, among other Drinks. For milkshakes and Coffee Drinks, they have almond milk, coconut milk, and soy milk available. They have several locations around the city.
J.P. Licks â­ï¸ 	Star â­ï¸, Ice Cream ğŸ¦, Dessert ğŸ°	Coolidge Corner, 311 Harvard St, Brookline, MA 02445	https://maps.apple.com/?address=311%20Harvard%20St,%20Brookline,%20MA%20%2002446,%20United%20States&auid=2698459891145718380&ll=42.343356,-71.122881&lsp=9902&q=JP%20Licks	42.34338112	-71.12286662	https://jplicks.com/product/allergen-information/	This popular local Ice Cream chain does a great job of labeling for dairy-free, gluten-free, and vegan customers. They regularly offer some creamy dairy-free flavors, usually made with coconut milk or oat milk. They also offer nuts, coconut, crushed cookies, fruits, and peanut butter sauce as dairy-free toppings, and can whip you up a creamy dairy-free frappe, among other Drinks. For milkshakes and Coffee Drinks, they have almond milk, coconut milk, and soy milk available. They have several locations around the city.
J.P. Licks â­ï¸ 	Star â­ï¸, Ice Cream ğŸ¦, Dessert ğŸ°	24 District Ave, Boston, MA 02118	https://maps.apple.com/?address=24%20District%20Ave,%20Dorchester,%20MA%2002125,%20United%20States&auid=17150294967264612665&ll=42.325222,-71.062725&lsp=9902&q=J.P.%20Licks	42.32521208	-71.06265881	https://jplicks.com/product/allergen-information/	This popular local Ice Cream chain does a great job of labeling for dairy-free, gluten-free, and vegan customers. They regularly offer some creamy dairy-free flavors, usually made with coconut milk or oat milk. They also offer nuts, coconut, crushed cookies, fruits, and peanut butter sauce as dairy-free toppings, and can whip you up a creamy dairy-free frappe, among other Drinks. For milkshakes and Coffee Drinks, they have almond milk, coconut milk, and soy milk available. They have several locations around the city.
J.P. Licks â­ï¸ 	Star â­ï¸, Ice Cream ğŸ¦, Dessert ğŸ°	397 W Broadway, South Boston, MA 02127	https://maps.apple.com/?address=397%20W%20Broadway%20St,%20South%20Boston,%20MA%2002127,%20United%20States&auid=10875080214399916678&ll=42.337125,-71.048629&lsp=9902&q=J.P.%20Licks	42.33707089	-71.04858181	https://jplicks.com/product/allergen-information/	This popular local Ice Cream chain does a great job of labeling for dairy-free, gluten-free, and vegan customers. They regularly offer some creamy dairy-free flavors, usually made with coconut milk or oat milk. They also offer nuts, coconut, crushed cookies, fruits, and peanut butter sauce as dairy-free toppings, and can whip you up a creamy dairy-free frappe, among other Drinks. For milkshakes and Coffee Drinks, they have almond milk, coconut milk, and soy milk available. They have several locations around the city.
J.P. Licks â­ï¸ 	Star â­ï¸, Ice Cream ğŸ¦, Dessert ğŸ°	659 Centre St, Boston, MA 02130	https://maps.apple.com/?address=659%20Centre%20St,%20Jamaica%20Plain,%20MA%2002130,%20United%20States&auid=4025713199529537511&ll=42.312874,-71.114425&lsp=9902&q=JP%20Licks	42.31280228	-71.11430745	https://jplicks.com/product/allergen-information/	This popular local Ice Cream chain does a great job of labeling for dairy-free, gluten-free, and vegan customers. They regularly offer some creamy dairy-free flavors, usually made with coconut milk or oat milk. They also offer nuts, coconut, crushed cookies, fruits, and peanut butter sauce as dairy-free toppings, and can whip you up a creamy dairy-free frappe, among other Drinks. For milkshakes and Coffee Drinks, they have almond milk, coconut milk, and soy milk available. They have several locations around the city.
J.P. Licks â­ï¸ 	Star â­ï¸, Ice Cream ğŸ¦, Dessert ğŸ°	1312 Massachusetts Ave, Cambridge, MA 02138	https://maps.apple.com/?address=1312%20Massachusetts%20Ave,%20Cambridge,%20MA%20%2002138,%20United%20States&auid=4653513930185809835&ll=42.372831,-71.117545&lsp=9902&q=J.P.%20Licks	42.37285264	-71.11751247	https://jplicks.com/product/allergen-information/	This popular local Ice Cream chain does a great job of labeling for dairy-free, gluten-free, and vegan customers. They regularly offer some creamy dairy-free flavors, usually made with coconut milk or oat milk. They also offer nuts, coconut, crushed cookies, fruits, and peanut butter sauce as dairy-free toppings, and can whip you up a creamy dairy-free frappe, among other Drinks. For milkshakes and Coffee Drinks, they have almond milk, coconut milk, and soy milk available. They have several locations around the city.
Jennifer Leeâ€™s Bakery â­ï¸ 	Lunch/Dinner â˜€ï¸ğŸŒ™, Vegan ğŸƒ, Bakery ğŸ, Top-9 ğŸ¤— 	100 Hanover St, Boston, MA 02108	https://maps.apple.com/?address=100%20Hanover%20St,%20Boston,%20MA%20%2002108,%20United%20States&auid=18268068929812037733&ll=42.362169,-71.057491&lsp=9902&q=Jennifer%20Lee's%20Gourmet%20Bakery ğŸ	42.36164356	-71.05636496	https://www.jenniferleesshoppe.com/	This is a gluten-free, top allergen-free Bakery that also shuns coconut and sesame. They offer all types of treats, from cannoli to cookies to cupcakes. They also bake custom order cakes.
Juice Press â­ï¸	Star â­ï¸, Vegan ğŸƒ, Drink ğŸ§‰	225 Franklin St, Boston, MA 02110	https://maps.apple.com/?address=225%20Franklin%20St,%20Boston,%20MA%20%2002110,%20United%20States&auid=1242593582396512669&ll=42.356042,-71.053999&lsp=9902&q=Juice%20Press	42.35597408	-71.05396163	https://juicepress.com/allergen-warning	This purely Plant-Based and dairy-free juice chain blends Healthy Smoothies and protein shakes with almond milk, offers blue magic and acai bowls, and sells several vegan grab-and-go snacks.
Juice Press â­ï¸	Star â­ï¸, Vegan ğŸƒ, Drink ğŸ§‰	109 Seaport Blvd, Boston, MA 02210	https://maps.apple.com/?address=109%20Seaport%20Blvd,%20Boston,%20MA%20%2002210,%20United%20States&auid=4863941634269557669&ll=42.351075,-71.045580&lsp=9902&q=Juice%20Press	42.35127208	-71.04512194	https://juicepress.com/allergen-warning	This purely Plant-Based and dairy-free juice chain blends Healthy Smoothies and protein shakes with almond milk, offers blue magic and acai bowls, and sells several vegan grab-and-go snacks.
Juice Press â­ï¸	Star â­ï¸, Vegan ğŸƒ, Drink ğŸ§‰	500 Boylston St, Boston, MA 02116	https://maps.apple.com/?address=500%20Boylston%20St,%20Boston,%20MA%20%2002116,%20United%20States&auid=9023975822233967831&ll=42.350235,-71.074612&lsp=9902&q=Juice%20Press	42.35036496	-71.07447202	https://juicepress.com/allergen-warning	This purely Plant-Based and dairy-free juice chain blends Healthy Smoothies and protein shakes with almond milk, offers blue magic and acai bowls, and sells several vegan grab-and-go snacks.
Juice Press â­ï¸	Star â­ï¸, Vegan ğŸƒ, Drink ğŸ§‰	33 Boylston St, Newton, MA 02467	https://maps.apple.com/?address=33%20Boylston%20St,%20Chestnut%20Hill,%20MA%2002467,%20United%20States&auid=13259516520004106897&ll=42.322731,-71.168907&lsp=9902&q=Juice%20Press	42.32277703	-71.16872027	https://juicepress.com/allergen-warning	This purely Plant-Based and dairy-free juice chain blends Healthy Smoothies and protein shakes with almond milk, offers blue magic and acai bowls, and sells several vegan grab-and-go snacks.
La Colombe 	Coffee â˜•ï¸, Bakery ğŸ	745 Atlantic Ave, Boston, MA 02111	https://maps.apple.com/?address=745%20Atlantic%20Ave,%20Boston,%20MA%20%2002111,%20United%20States&auid=12476872631766528381&ll=42.350313,-71.057091&lsp=9902&q=La%20Colombe%20Coffee â˜•ï¸%20Roasters	42.35030537	-71.05702624	https://www.lacolombe.com/?utm_content=paid&utm_medium=search&utm_source=google&utm_campaign=evergreen&gclid=Cj0KCQjw6cKiBhD5ARIsAKXUdyYj4T3BM7newedX698PjQttrojktE-9IrreFuqVkYA-vtaN3tESTk0aAl3hEALw_wcB	This Coffee chain is known for their oatmilk draft lattes, which they also offer on tap. They also usually have some dairy-free baked goodies (some vegan, some with eggs), like quick bread slices and cookies, and biscotti. The options can vary by location, so ask for allergen information at the shop.
La Colombe 	Coffee â˜•ï¸, Bakery ğŸ	29 Northern Ave, Boston, MA 02210	https://maps.apple.com/?address=29%20Northern%20Ave,%20Boston,%20MA%20%2002210,%20United%20States&auid=543983047601686847&ll=42.353406,-71.047425&lsp=9902&q=La%20Colombe%20Coffee â˜•ï¸%20Roasters	42.35341182	-71.04721676	https://www.lacolombe.com/?utm_content=paid&utm_medium=search&utm_source=google&utm_campaign=evergreen&gclid=Cj0KCQjw6cKiBhD5ARIsAKXUdyYj4T3BM7newedX698PjQttrojktE-9IrreFuqVkYA-vtaN3tESTk0aAl3hEALw_wcB	This Coffee chain is known for their oatmilk draft lattes, which they also offer on tap. They also usually have some dairy-free baked goodies (some vegan, some with eggs), like quick bread slices and cookies, and biscotti. The options can vary by location, so ask for allergen information at the shop.
La Colombe 	Coffee â˜•ï¸, Bakery ğŸ	348 Harrison Ave, Boston, MA 02118	https://maps.apple.com/?address=348%20Harrison%20Ave,%20Boston,%20MA%20%2002118,%20United%20States&auid=3585577372638256626&ll=42.345384,-71.062700&lsp=9902&q=La%20Colombe%20Coffee â˜•ï¸%20Bar	42.34543887	-71.06277634	https://www.lacolombe.com/?utm_content=paid&utm_medium=search&utm_source=google&utm_campaign=evergreen&gclid=Cj0KCQjw6cKiBhD5ARIsAKXUdyYj4T3BM7newedX698PjQttrojktE-9IrreFuqVkYA-vtaN3tESTk0aAl3hEALw_wcB	This Coffee chain is known for their oatmilk draft lattes, which they also offer on tap. They also usually have some dairy-free baked goodies (some vegan, some with eggs), like quick bread slices and cookies, and biscotti. The options can vary by location, so ask for allergen information at the shop.
LÃ¤derach	Dessert ğŸ°	800 Boylston St, Boston, MA 02199	https://maps.apple.com/?address=800%20Boylston%20St,%20Boston,%20MA%2002199,%20United%20States&auid=15322840490033734493&ll=42.347174,-71.081355&lsp=9902&q=L%C3%A4derach	42.34847121	-71.08257507	https://laderach.com/us-en/vegan	These Swiss chocolate shops now offer a full dairy-free and vegan line with various dark and cashewmilk chocolate options. The decadent collection includes bars, all types of barks, and some other confections.
Levain Bakery 	Bakery ğŸ	180 Newbury Street Boston, MA 02116	https://maps.apple.com/?address=180%20Newbury%20St,%20Boston,%20MA%20%2002116,%20United%20States&auid=15585718917359738194&ll=42.350274,-71.079163&lsp=9902&q=Levain%20Bakery ğŸ	42.35020694	-71.07928258	https://levainBakery.com/pages/faq	They bake fresh dairy-free breads, but also offer big, thick, vegan and gluten-free chocolate chip walnut cookies on their daily menu.
Life Alive â­ï¸ 	Star â­ï¸, Cafe â˜•ï¸, Drink ğŸ§‰	431 Boylston St, Boston, MA 02116	https://maps.apple.com/?address=431%20Boylston%20St,%20Boston,%20MA%20%2002116,%20United%20States&auid=6072221820111134961&ll=42.351567,-71.072889&lsp=9902&q=Life%20Alive	42.35153129	-71.072918	https://mealplans.lifealive.com/pages/allergen-guide	This organic vegetarian Cafe has several locations in Massachusetts. They clearly label dairy on the menu, and serve several creative vegan dishes. They serve a big selections of greens, grain dishes, soups, Smoothies, and other Drinks.
Life Alive â­ï¸ 	Star â­ï¸, Cafe â˜•ï¸, Drink ğŸ§‰	765 Massachusetts Ave, Cambridge, MA 02139	https://maps.apple.com/?address=765%20Massachusetts%20Ave,%20Cambridge,%20MA%20%2002139,%20United%20States&auid=17167025529168911532&ll=42.366641,-71.105469&lsp=9902&q=Life%20Alive	42.36663793	-71.10536864	https://mealplans.lifealive.com/pages/allergen-guide	This organic vegetarian Cafe has several locations in Massachusetts. They clearly label dairy on the menu, and serve several creative vegan dishes. They serve a big selections of greens, grain dishes, soups, Smoothies, and other Drinks.
Life Alive â­ï¸ 	Star â­ï¸, Cafe â˜•ï¸, Drink ğŸ§‰	505 Tremont St, Boston, MA 02116	https://maps.apple.com/?address=505%20Tremont%20St,%20Boston,%20MA%20%2002116,%20United%20States&auid=7859328232138755621&ll=42.345023,-71.070441&lsp=9902&q=Life%20Alive%20Organic%20Cafe â˜•ï¸	42.34499873	-71.07054913	https://mealplans.lifealive.com/pages/allergen-guide	This organic vegetarian Cafe has several locations in Massachusetts. They clearly label dairy on the menu, and serve several creative vegan dishes. They serve a big selections of greens, grain dishes, soups, Smoothies, and other Drinks.
Life Alive â­ï¸ 	Star â­ï¸, Cafe â˜•ï¸, Drink ğŸ§‰	888 Commonwealth Ave, Boston, MA 02215	https://maps.apple.com/?address=888%20Commonwealth%20Ave,%20Brookline,%20MA%2002446,%20United%20States&auid=18251044464162728732&ll=42.350796,-71.115344&lsp=9902&q=Life%20Alive	42.35041472	-71.11529688	https://mealplans.lifealive.com/pages/allergen-guide	This organic vegetarian Cafe has several locations in Massachusetts. They clearly label dairy on the menu, and serve several creative vegan dishes. They serve a big selections of greens, grain dishes, soups, Smoothies, and other Drinks.
Life Alive â­ï¸ 	Star â­ï¸, Cafe â˜•ï¸, Drink ğŸ§‰	22 John F. Kennedy St, Cambridge, MA 02138	https://maps.apple.com/?address=22%20John%20F%20Kennedy%20St,%20Cambridge,%20MA%2002138,%20United%20States&auid=3367275416702694439&ll=42.372952,-71.119558&lsp=9902&q=Life%20Alive%20Organic%20Cafe â˜•ï¸	42.37291654	-71.1195747	https://mealplans.lifealive.com/pages/allergen-guide	This organic vegetarian Cafe has several locations in Massachusetts. They clearly label dairy on the menu, and serve several creative vegan dishes. They serve a big selections of greens, grain dishes, soups, Smoothies, and other Drinks.
Life Alive â­ï¸ 	Star â­ï¸, Cafe â˜•ï¸, Drink ğŸ§‰	415 Main St, Cambridge, MA 02142	https://maps.apple.com/?address=415%20Main%20St,%20Cambridge,%20MA%20%2002142,%20United%20States&auid=9258944252251699878&ll=42.362972,-71.088751&lsp=9902&q=Life%20Alive	42.36277952	-71.08755844	https://mealplans.lifealive.com/pages/allergen-guide	This organic vegetarian Cafe has several locations in Massachusetts. They clearly label dairy on the menu, and serve several creative vegan dishes. They serve a big selections of greens, grain dishes, soups, Smoothies, and other Drinks.
Little Miss Cupcape	Bakery ğŸ	250 Newbury St, Boston, MA 02116	https://maps.apple.com/?address=250%20Newbury%20St,%20Boston,%20MA%20%2002116,%20United%20States&auid=6972620984353489028&ll=42.349480,-71.082667&lsp=9902&q=Little%20Miss%20Cupcape	42.34937191	-71.08264447	https://www.littlemisscupcape.com/	This really is a conventional Bakery ğŸ ğŸ, but they bake vegan and gluten-free cupcakes and cakes by special order. And they do have Be Free chocolate chip cookie dough available, which is vegan and gluten-free.
Loco Taqueria & Oyster Bar 	Mexican ğŸ‡²ğŸ‡½, Seafood ğŸŸ	412 W Broadway, Boston, MA 02127	https://maps.apple.com/?address=412%20W%20Broadway,%20Boston,%20MA%20%2002127,%20United%20States&auid=1861141452917555206&ll=42.337072,-71.047702&lsp=9902&q=Loco%20Taqueria%20%26%20Oyster%20Bar	42.33704106	-71.0476475	https://www.locosouthboston.com/menus/	Theyâ€™re friendly toward dairy-free and gluten-free guests, but be sure to ask questions on their dairy-free options. They clearly label some items, but some of their tacos are also dairy-free, and additional items can be custom ordered with ease.
Lulu Green â­ï¸ 	Plant-Based ğŸŒ±, Drink ğŸ§‰	246 W Broadway, Boston, MA 02127	https://maps.apple.com/?address=246%20W%20Broadway,%20South%20Boston,%20MA%2002127,%20United%20States&auid=17512455896595344039&ll=42.339619,-71.051681&lsp=9902&q=Lulu%20Green	42.33955317	-71.05170489	https://lulugreen.com/	This is a Plant-Based ğŸŒ± Cafe â˜•ï¸ with juices, Smoothie ğŸ§ƒs, handhelds, bowls, and an array of sweet treats from their Bakery ğŸ ğŸ.
Maggiano's Little Italy	Italian ğŸ‡®ğŸ‡¹	4 Columbus Ave, Boston, MA 02116	https://maps.apple.com/?address=4%20Columbus%20Ave,%20Boston,%20MA%20%2002116,%20United%20States&auid=12090940431630447587&ll=42.350969,-71.068602&lsp=9902&q=Maggiano's%20Little%20Italy	42.35103294	-71.06853733	https://maggianos-prod.cdn.prismic.io/maggianos-prod/3beab5b6-a20d-466e-9f40-5fa448821abb_Allergen+Guide+for+Website+1.31.23.pdf	More info coming soon...
MÃ¡s Veggies Vegan Taqueria â­ï¸ 	Star â­ï¸, Plant-Based ğŸŒ±, Mexican ğŸ‡²ğŸ‡½	57 John F Kennedy St, Cambridge MA 02138	https://maps.apple.com/?address=57%20John%20F%20Kennedy%20St,%20Cambridge,%20MA%20%2002138,%20United%20States&auid=15046570631581522729&ll=42.372510,-71.119703&lsp=9902&q=M%C3%A1s%20Veggies	42.37203373	-71.12079824	https://www.eatmasveggies.com/	This all-vegan taco chain offers tacos, burritos, bowls, nachos, and taco salads with a modern Plant-Based ğŸŒ± spin. Theyâ€™re available at Veggie Grill ğŸ” locations.
Mother Juice â­ï¸ 	Star â­ï¸, Drink ğŸ§‰	291 Newbury St, Boston, MA 02115	https://maps.apple.com/?address=291%20Newbury%20St,%20Boston,%20MA%2002115,%20United%20States&auid=2774191774184435503&ll=42.349091,-71.084983&lsp=9902&q=Mother%20Juice	42.34913437	-71.08498397	https://www.motherjuice.com/allergy-info/	This Cafe is dairy-free and mostly vegan (they do use honey in some items, and offer Udiâ€™s gluten-free bread, which contains egg). They serve juices, Smoothie ğŸ§ƒs, Smoothie ğŸ§ƒ bowls, toasts, an array of salads, and they offer grab-and-go items including Breakfast bowls and Healthy gluten-free and vegan baked goodies.
Mother Juice â­ï¸ 	Star â­ï¸, Drink ğŸ§‰	100 Hanover St, Boston, MA 02108	https://maps.apple.com/?address=100%20Hanover%20St,%20Boston,%20MA%20%2002108,%20United%20States&auid=6480368772443761250&ll=42.362169,-71.057491&lsp=9902&q=Mother%20Juice	42.36164051	-71.0563814	https://www.motherjuice.com/allergy-info/	This Cafe is dairy-free and mostly vegan (they do use honey in some items, and offer Udiâ€™s gluten-free bread, which contains egg). They serve juices, Smoothie ğŸ§ƒs, Smoothie ğŸ§ƒ bowls, toasts, an array of salads, and they offer grab-and-go items including Breakfast bowls and Healthy gluten-free and vegan baked goodies.
Mother Juice â­ï¸ 	Star â­ï¸, Drink ğŸ§‰	100 High St, Boston, MA 02110	https://maps.apple.com/?address=100%20High%20St,%20Boston,%20MA%20%2002110,%20United%20States&ll=42.354213,-71.055390&q=Dropped%20Pin	42.35447034	-71.05530134	https://www.motherjuice.com/allergy-info/	This Cafe is dairy-free and mostly vegan (they do use honey in some items, and offer Udiâ€™s gluten-free bread, which contains egg). They serve juices, Smoothie ğŸ§ƒs, Smoothie ğŸ§ƒ bowls, toasts, an array of salads, and they offer grab-and-go items including Breakfast bowls and Healthy gluten-free and vegan baked goodies.
Mother Juice â­ï¸ 	Star â­ï¸, Drink ğŸ§‰	1350 Massachusetts Ave, Cambridge, MA 02138	https://maps.apple.com/?address=Harvard%20University,%2010%20Holyoke%20St,%20Cambridge,%20MA%20%2002138,%20United%20States&ll=42.372557,-71.118104&q=Dropped%20Pin	42.37269684	-71.11857752	https://www.motherjuice.com/allergy-info/	This Cafe is dairy-free and mostly vegan (they do use honey in some items, and offer Udiâ€™s gluten-free bread, which contains egg). They serve juices, Smoothie ğŸ§ƒs, Smoothie ğŸ§ƒ bowls, toasts, an array of salads, and they offer grab-and-go items including Breakfast bowls and Healthy gluten-free and vegan baked goodies.
My Thai Vegan Cafe â­ï¸ 	Star â­ï¸, Thai	3 Beach St #2, Boston, MA 02111	https://maps.apple.com/?address=3%20Beach%20St,%20FL%202,%20Boston,%20MA%20%2002111,%20United%20States&auid=13341678790997433722&ll=42.351467,-71.062593&lsp=9902&q=My%20Thai%20Vegan ğŸƒ%20Cafe â˜•ï¸	42.35141707	-71.06260888	https://www.mythaiveganCafe.com/	As the name implies, this Thai restaurant is free of dairy, egg, meat, and Seafood ğŸŸ, and they serve a very big menu of dishes.
Oakleaf Cakes Bake Shop 	Bakery ğŸ	12 Westland Ave Boston, Massachusetts 02115	https://maps.apple.com/?address=12%20Westland%20Ave,%20Boston,%20MA%20%2002115,%20United%20States&auid=10470353614229262614&ll=42.343282,-71.086636&lsp=9902&q=Oakleaf%20Cakes%20Bake%20Shop	42.34319456	-71.08667856	https://oakleafcakes.com/faq	Their pastry menu includes daily vegan options, often with muffins, cupcakes, and mini cheesecakes.
Pagu 	Japenese, Spanish	310 Massachusetts Ave, Cambridge, MA 02139	https://maps.apple.com/?address=310%20Massachusetts%20Ave,%20Cambridge,%20MA%20%2002139,%20United%20States&auid=4905914160063030408&ll=42.362351,-71.098979&lsp=9902&q=Pagu	42.36239835	-71.09894919	http://www.gopagu.com/	Thanks to Valerie for this recommendation. â€œThey deserve great press for their dairy-free options. A significant portion of their menu is dairy free (including their fantastic chocolate cake for dessert!), and they are excellent when you phone them to place an order in advance.â€ They serve an innovative fusion dinner menu with Japanese ğŸ‡¯ğŸ‡µ, American ğŸ‡ºğŸ‡¸, and Spanish influences. They also have a market of goods on site.
Pho Basil	Vietnamese	177 Massachusetts Ave, Boston, MA 02115	https://maps.apple.com/?address=177%20Massachusetts%20Ave,%20Unit%20A,%20Boston,%20MA%2002115,%20United%20States&auid=4606796808939499782&ll=42.345801,-71.087249&lsp=9902&q=Pho%20Basil	42.34580067	-71.08723989	https://phobasilboston.com/all-day-menu/	More info coming soon... 
PlantPub â­ï¸ 	Star â­ï¸, Vegan ğŸƒ, Lunch/Dinner â˜€ï¸ğŸŒ™	675 W Kendall St, Cambridge, MA 02142	https://maps.apple.com/?address=675%20W%20Kendall%20St,%20Cambridge,%20MA%20%2002142,%20United%20States&auid=5473256079554836045&ll=42.364689,-71.082062&lsp=9902&q=PlantPub	42.36463925	-71.08196118	https://plantpub.com/menu	Burgers, Pizzas, bowls, bites, and brews are on tap at this vegan Matthew Kenney restaurant.
Playa Bowls	Healthy ğŸ	277 Huntington Ave, Boston, MA 02115	https://maps.apple.com/?address=277%20Huntington%20Ave,%20Boston,%20MA%2002115,%20United%20States&auid=12815193826027052791&ll=42.342059,-71.086391&lsp=9902&q=Playa%20Bowls	42.34198444	-71.0862083	https://www.playabowls.com/faqs/	See website for more info!
Playa Bowls 	Healthy ğŸ	71 Mt Auburn St, Cambridge, MA 02138	https://maps.apple.com/?address=71%20Mt%20Auburn%20St,%20Cambridge,%20MA%2002138,%20United%20States&auid=12478826832104017777&ll=42.372034,-71.118330&lsp=9902&q=Playa%20Bowls	42.37209588	-71.1184135	https://www.playabowls.com/faqs/	See website for more info!
PLNT Burger â­ï¸	Star â­ï¸, Vegan ğŸƒ, Lunch/Dinner â˜€ï¸ğŸŒ™	Whole Foods Market, 348 Harrison Ave, Boston, MA 02118	https://maps.apple.com/?address=348%20Harrison%20Ave,%20Boston,%20MA%20%2002118,%20United%20States&auid=14929985339039292649&ll=42.345462,-71.063018&lsp=9902&q=Whole%20Foods%20Market	42.34543607	-71.06277857	https://www.plntBurger.com/menu/allergen-information/	This quick serve vegan Burger joint is located inside Whole Foods. Their menu includes a selection of Burgers, hot dogs, and fries, along with dairy-free soft serve, oatmilk shakes, and cookies for dessert.
Pokeworks 	Poke ğŸ², Seafood ğŸŸ	4 S Market St Boston, MA, 02109		42.35973292	-71.05583556	https://Pokeworks.com/nutrition/	All of their signature Poke ğŸ² bowls, and pretty much all of their menu is dairy-free, including the Dole Whip for dessert! They offer raw, cooked, and vegan proteins.
Pokeworks 	Poke ğŸ², Seafood ğŸŸ	1440 Massachusetts Ave Cambridge, MA, 02138		42.374294	-71.11915782	https://Pokeworks.com/nutrition/	All of their signature Poke ğŸ² bowls, and pretty much all of their menu is dairy-free, including the Dole Whip for dessert! They offer raw, cooked, and vegan proteins.
Pokeworks 	Poke ğŸ², Seafood ğŸŸ	433 Brookline Ave. Boston, MA, 02215		42.33845177	-71.10811497	https://Pokeworks.com/nutrition/	All of their signature Poke ğŸ² bowls, and pretty much all of their menu is dairy-free, including the Dole Whip for dessert! They offer raw, cooked, and vegan proteins.
Puritan & Company	Seafood ğŸŸ	1166 Cambridge St, Cambridge, MA 02139		42.37309908	-71.09674876	https://www.puritancambridge.com/	This fine dining spot reportedly accommodates dairy-free guests with ease, and the kitchen maintains an allergen chart of the current menu to help with ordering.
Red White Buddha Ramen â­ï¸ 	Japanese ğŸ‡¯ğŸ‡µ, Star â­ï¸	294 Newbury St, Boston, MA 02115		42.34881037	-71.08476949	https://redwhiteboston.com/menu/	Thereâ€™s no need to worry about milk, cream, or butter in any of their soups, since this is a vegan restaurant.
Revolution Health Kitchen â­ï¸	Star â­ï¸, Cafe â˜•ï¸, Healthy ğŸ	150 Huntington Ave, Boston, MA 02115		42.34447919	-71.08234937	https://www.revolutionhealthkitchen.com/	This Plant-Based ğŸŒ± Cafe â˜•ï¸ focuses on fresh, local cuisine with Healthy ğŸ ingredients. They serve soups, salads, toasts, oatmeal bowls, Smoothie ğŸ§ƒ bowls, Smoothie ğŸ§ƒs, and juices.
Rhythm â€˜n Wraps â­ï¸ 	Star â­ï¸, Vegan ğŸƒ, Lunch/Dinner â˜€ï¸ğŸŒ™	1096 Commonwealth Ave, Boston, MA 02134		42.35181028	-71.12428853	https://www.rhythmnwraps.com/menus/	Their vegan comfort food menu includes American ğŸ‡ºğŸ‡¸ classics, like Burger ğŸ”s, loaded fries, and Philly cheesesteaks.
Rock Bottom	Lunch/Dinner â˜€ï¸ğŸŒ™	115 Stuart St, Boston, MA 02116		42.35136934	-71.0652865	https://rockbottom.com/nutrition-allergy-info/	More info coming soon...
Russell House Tavern 	American ğŸ‡ºğŸ‡¸, Lunch/Dinner â˜€ï¸ğŸŒ™	14 John F. Kennedy St, Cambridge, MA 02138		42.37315816	-71.11948752	https://russellhousecambridge.com/menus/	They label their menu for dairy-free and gluten-free guests. The dairy-free â€œas isâ€ options include some gems, like fish & chips, confit chicken wings, and crispy brussels sprouts. But they also have several more items they can make dairy-free â€” just ask. They serve brunch and dinner.
Sallyâ€™s Sandwiches 	Breakfast ğŸ¥, Lunch/Dinner â˜€ï¸ğŸŒ™, Sandwich ğŸ¥ª	11 Holyoke St, Cambridge, MA 02138		42.37203192	-71.11834296	https://www.sallysSandwiches.com/	They serve Blackbird Doughnuts, including the seasonal vegan varieties (which are fried in shared oil with the non-vegan doughnuts). Several of their Sandwich ğŸ¥ªes can be custom ordered without dairy, and they do seem to take cross-contamination and allergy requests seriously in preparation. They also offer a gluten-free wrap.
Sallyâ€™s Sandwiches 	Breakfast ğŸ¥, Lunch/Dinner â˜€ï¸ğŸŒ™, Sandwich ğŸ¥ª	492 Tremont St, Boston, MA 02116		42.34565485	-71.0691929	https://www.sallysSandwiches.com/	They serve Blackbird Doughnuts, including the seasonal vegan varieties (which are fried in shared oil with the non-vegan doughnuts). Several of their Sandwich ğŸ¥ªes can be custom ordered without dairy, and they do seem to take cross-contamination and allergy requests seriously in preparation. They also offer a gluten-free wrap.
Sofra Bakery & Cafe â­ï¸ 	Star â­ï¸, Cafe â˜•ï¸, Bakery ğŸ	1 Belmont St, Cambridge, MA 02138		42.37485674	-71.15031413	https://www.sofraBakery.com/info-hours	Their online menu is labeled for dairy-free and gluten-free customers, and it includes a good range of dairy-free options, including moussaka made with cashew mornay. In store, they also label their items for vegan guests. They also have a few dairy-free treats, like halva and molasses cookies, and they sell local provisions.
Stillwater 	Lunch/Dinner â˜€ï¸ğŸŒ™	120 Kingston St, Boston, MA 02111		42.35230632	-71.05928541	https://www.stillwaterboston.com/menus/	Their menu includes some dairy-free and vegan â€œsnacks,â€ salads, and Cuban Black Beans and Rice, where you can opt to add your protein of choice.
Stoked Pizza	Pizza ğŸ•, Lunch/Dinner â˜€ï¸ğŸŒ™	1632 Beacon St, Brookline, MA 02446		42.33973396	-71.13571511	https://www.stokedPizzaco.com/vegan-brookline	Thanks to Sarah for this recommendation. This Italian ğŸ‡®ğŸ‡¹ restaurant offers a separate vegan menu and it is quite big. It includes appetizers, salads, and various Pizza ğŸ•s. They offer vegan cheese and meats, so you can custom order most of their Pizza ğŸ•s without dairy.
Stoked Pizza	Pizza ğŸ•, Lunch/Dinner â˜€ï¸ğŸŒ™	1611 Massachusetts Ave, Cambridge, MA 02138		42.38015624	-71.1196666	https://www.stokedPizzaco.com/vegan-brookline	Thanks to Sarah for this recommendation. This Italian ğŸ‡®ğŸ‡¹ restaurant offers a separate vegan menu and it is quite big. It includes appetizers, salads, and various Pizza ğŸ•s. They offer vegan cheese and meats, so you can custom order most of their Pizza ğŸ•s without dairy.
Subway	Sandwich ğŸ¥ª, Lunch/Dinner â˜€ï¸ğŸŒ™	1578 Tremont Street Unit 1 Boston, MA 02120		42.33326776	-71.10252958	https://www.subway.com/-/media/USA/Documents/Nutrition/US_Allergen_chart.pdf	See website for more info!
Subway	Sandwich ğŸ¥ª, Lunch/Dinner â˜€ï¸ğŸŒ™	230 Tremont St Boston, MA 02116		42.351286	-71.06463969	https://www.subway.com/-/media/USA/Documents/Nutrition/US_Allergen_chart.pdf	See website for more info!
Subway	Sandwich ğŸ¥ª, Lunch/Dinner â˜€ï¸ğŸŒ™	274 Franklin St Boston, MA 02110		42.3569257	-71.05355399	https://www.subway.com/-/media/USA/Documents/Nutrition/US_Allergen_chart.pdf	See website for more info!
Subway	Sandwich ğŸ¥ª, Lunch/Dinner â˜€ï¸ğŸŒ™	Boston Children's Hospital 300 Longwood Avenue Boston, MA 02115		42.33750417	-71.10545537	https://www.subway.com/-/media/USA/Documents/Nutrition/US_Allergen_chart.pdf	See website for more info!
Subway	Sandwich ğŸ¥ª, Lunch/Dinner â˜€ï¸ğŸŒ™	31 Saint James Ave Suite 110, 1st Floor Boston, MA 02116		42.35092349	-71.07159815	https://www.subway.com/-/media/USA/Documents/Nutrition/US_Allergen_chart.pdf	See website for more info!
Subway	Sandwich ğŸ¥ª, Lunch/Dinner â˜€ï¸ğŸŒ™	350 Longwood Ave. Boston, MA 02115		42.33847504	-71.10687596	https://www.subway.com/-/media/USA/Documents/Nutrition/US_Allergen_chart.pdf	See website for more info!
Subway	Sandwich ğŸ¥ª, Lunch/Dinner â˜€ï¸ğŸŒ™	Corner Mall, 417 Washington St Boston, MA 02108		42.35566818	-71.06045906	https://www.subway.com/-/media/USA/Documents/Nutrition/US_Allergen_chart.pdf	See website for more info!
Subway	Sandwich ğŸ¥ª, Lunch/Dinner â˜€ï¸ğŸŒ™	Boston University Medical Campus, 700 Albany Street Boston, MA 02118		42.33554718	-71.07114114	https://www.subway.com/-/media/USA/Documents/Nutrition/US_Allergen_chart.pdf	See website for more info!
Subway	Sandwich ğŸ¥ª, Lunch/Dinner â˜€ï¸ğŸŒ™	Boston University, 700 Commonwealth Avenue Boston, MA 02215		42.34947591	-71.10406741	https://www.subway.com/-/media/USA/Documents/Nutrition/US_Allergen_chart.pdf	See website for more info!
Subway	Sandwich ğŸ¥ª, Lunch/Dinner â˜€ï¸ğŸŒ™	904 Huntington Ave Boston, MA 02115		42.33192494	-71.11186104	https://www.subway.com/-/media/USA/Documents/Nutrition/US_Allergen_chart.pdf	See website for more info!
Subway	Sandwich ğŸ¥ª, Lunch/Dinner â˜€ï¸ğŸŒ™	981 Tremont St Boston, MA 02116		42.33734278	-71.08438472	https://www.subway.com/-/media/USA/Documents/Nutrition/US_Allergen_chart.pdf	See website for more info!
Subway	Sandwich ğŸ¥ª, Lunch/Dinner â˜€ï¸ğŸŒ™	Northeastern University, Ryder Hall 11 Leon Street Boston, MA 02115		42.33651066	-71.09089977	https://www.subway.com/-/media/USA/Documents/Nutrition/US_Allergen_chart.pdf	See website for more info!
Subway	Sandwich ğŸ¥ª, Lunch/Dinner â˜€ï¸ğŸŒ™	Star â­ï¸ Variety C-Store, 4 Central Square Cambridge, MA 02139		42.36499293	-71.10422161	https://www.subway.com/-/media/USA/Documents/Nutrition/US_Allergen_chart.pdf	See website for more info!
Subway	Sandwich ğŸ¥ª, Lunch/Dinner â˜€ï¸ğŸŒ™	The Garage, Corner of Mt. Auburn & Jfk St. Level 1, Unit 2-09 Cambridge, MA 02138		42.37248696	-71.11953457	https://www.subway.com/-/media/USA/Documents/Nutrition/US_Allergen_chart.pdf	See website for more info!
Tasty Burger	Grill ğŸ”, Burger ğŸ”, Lunch/Dinner â˜€ï¸ğŸŒ™	Fenway, 1301 Boylston St, Boston, MA 02215		42.34473	-71.09837287	https://www.tastyBurger.com/allergens/	They offer a dairy-free roll for their Burger ğŸ”s, so most of their Burger ğŸ”s, without cheese, can be ordered dairy-free. They also have a vegan patty option.
Tasty Burger	Grill ğŸ”, Burger ğŸ”, Lunch/Dinner â˜€ï¸ğŸŒ™	Back Bay, 145 Dartmouth Street, Boston, MA 02116		42.34725113	-71.07569437	https://www.tastyBurger.com/allergens/	They offer a dairy-free roll for their Burger ğŸ”s, so most of their Burger ğŸ”s, without cheese, can be ordered dairy-free. They also have a vegan patty option.
Tasty Burger	Grill ğŸ”, Burger ğŸ”, Lunch/Dinner â˜€ï¸ğŸŒ™	40 JFK Street, Cambridge, MA 02138		42.37258772	-71.1198961	https://www.tastyBurger.com/allergens/	They offer a dairy-free roll for their Burger ğŸ”s, so most of their Burger ğŸ”s, without cheese, can be ordered dairy-free. They also have a vegan patty option.
Tasty Burger	Grill ğŸ”, Burger ğŸ”, Lunch/Dinner â˜€ï¸ğŸŒ™	North Station, 1 Nashua Street, Boston, MA 02114		42.36592778	-71.06349652	https://www.tastyBurger.com/allergens/	They offer a dairy-free roll for their Burger ğŸ”s, so most of their Burger ğŸ”s, without cheese, can be ordered dairy-free. They also have a vegan patty option.
Tasty Burger	Grill ğŸ”, Burger ğŸ”, Lunch/Dinner â˜€ï¸ğŸŒ™	Central Square, 23 Prospect Street, Cambridge, MA 02139		42.36604883	-71.10364125	https://www.tastyBurger.com/allergens/	They offer a dairy-free roll for their Burger ğŸ”s, so most of their Burger ğŸ”s, without cheese, can be ordered dairy-free. They also have a vegan patty option.
TeaMoji 	Cafe â˜•ï¸, Boba ğŸ§‹	3 N Beacon St, Boston, MA 02134		42.35378888	-71.13748155	https://www.teamojiboston.com/	They offer dairy-free milk for all of their Boba ğŸ§‹ milk teas, and even default to dairy-free for some of them. They have oat milk, almond milk, and soy milk, but use caution with their â€œnon dairyâ€ creamer. They also have banh mi, and a couple dairy-free snack items.
The Friendly Toast	Breakfast ğŸ¥	35 Stanhope St, Boston, MA 02116		42.34846225	-71.07323351	https://www.thefriendlytoast.com/faq	More info coming soon...
The Friendly Toast	Breakfast ğŸ¥	199 Boylston St, Chestnut Hill, MA 02467		42.32150744	-71.17567024	https://www.thefriendlytoast.com/faq	More info coming soon...
The Smoke Shop BBQ 	Grill ğŸ”, BBQ	8 Holyoke St, Cambridge, MA 02138		42.37267071	-71.11790825	https://thesmokeshopbbq.com/food-menu/	Jessica let us know she has successfully eaten dairy-free at two of their locations, with the same great experience. â€œTheir allergen menu is clear online and they also provide a printed one on request in the restaurant. They also have it as part of their protocol that a manager brings out your dish.â€
The Smoke Shop BBQ 	Grill ğŸ”, BBQ	25 Hampshire St, Cambridge, MA 02139		42.36642192	-71.09149504	https://thesmokeshopbbq.com/food-menu/	Jessica let us know she has successfully eaten dairy-free at two of their locations, with the same great experience. â€œTheir allergen menu is clear online and they also provide a printed one on request in the restaurant. They also have it as part of their protocol that a manager brings out your dish.â€
The Smoke Shop BBQ 	Grill ğŸ”, BBQ	325 Assembly Row, Somerville, MA 02145		42.3923471	-71.07861506	https://thesmokeshopbbq.com/food-menu/	Jessica let us know she has successfully eaten dairy-free at two of their locations, with the same great experience. â€œTheir allergen menu is clear online and they also provide a printed one on request in the restaurant. They also have it as part of their protocol that a manager brings out your dish.â€
The Smoke Shop BBQ 	Grill ğŸ”, BBQ	343 Congress St, Boston, MA 02210		42.35072063	-71.04927715	https://thesmokeshopbbq.com/food-menu/	Jessica let us know she has successfully eaten dairy-free at two of their locations, with the same great experience. â€œTheir allergen menu is clear online and they also provide a printed one on request in the restaurant. They also have it as part of their protocol that a manager brings out your dish.â€
The Smoke Shop BBQ 	Grill ğŸ”, BBQ	80 Causeway St, Boston, MA 02114		42.36563676	-71.06180132	https://thesmokeshopbbq.com/food-menu/	Jessica let us know she has successfully eaten dairy-free at two of their locations, with the same great experience. â€œTheir allergen menu is clear online and they also provide a printed one on request in the restaurant. They also have it as part of their protocol that a manager brings out your dish.â€
Thinking Cup	Star â­ï¸, Cafe â˜•ï¸, Coffee â˜•ï¸	85 Newbury St, Boston, MA 02116		42.35188472	-71.07494012	http://thinkingcup.com/	This local Coffee â˜•ï¸ house has a dairy-free menu, which includes a small selection of goodies, like Zucchini Bread, Granola, Biscotti, Focaccia Bread, and Chia Seed Pudding. They also have a couple Sandwich ğŸ¥ªes that can be ordered dairy free, and offer almond, soy, oat, macadamia, and pistachio milk alternatives for lattes.
Thinking Cup	Star â­ï¸, Cafe â˜•ï¸, Coffee â˜•ï¸	165 Tremont St, Boston, MA 02111		42.35404647	-71.06376601	http://thinkingcup.com/	This local Coffee â˜•ï¸ house has a dairy-free menu, which includes a small selection of goodies, like Zucchini Bread, Granola, Biscotti, Focaccia Bread, and Chia Seed Pudding. They also have a couple Sandwich ğŸ¥ªes that can be ordered dairy free, and offer almond, soy, oat, macadamia, and pistachio milk alternatives for lattes.
Thinking Cup	Star â­ï¸, Cafe â˜•ï¸, Coffee â˜•ï¸	236 Hanover St, Boston, MA 02113		42.36326283	-71.05514553	http://thinkingcup.com/	This local Coffee â˜•ï¸ house has a dairy-free menu, which includes a small selection of goodies, like Zucchini Bread, Granola, Biscotti, Focaccia Bread, and Chia Seed Pudding. They also have a couple Sandwich ğŸ¥ªes that can be ordered dairy free, and offer almond, soy, oat, macadamia, and pistachio milk alternatives for lattes.
Union Square Donuts 	Bakery ğŸ, Dessert ğŸ°	Boston Public Market, 100 Hanover St, Boston, MA 02108		42.36172798	-71.05754505	https://www.unionsquaredonuts.com/allergens	They typically have around three vegan donut flavors daily, and offer almond, soy, and oat milks for Coffee â˜•ï¸ Drink ğŸ§‰ ğŸ§‰s.
Union Square Donuts 	Bakery ğŸ, Dessert ğŸ°	20 Bow St, Somerville, MA 02143		42.38083718	-71.09721671	https://www.unionsquaredonuts.com/allergens	They typically have around three vegan donut flavors daily, and offer almond, soy, and oat milks for Coffee â˜•ï¸ Drink ğŸ§‰ ğŸ§‰s.
Union Square Donuts 	Bakery ğŸ, Dessert ğŸ°	33 South St, Somerville, MA 02143		42.37438627	-71.08991957	https://www.unionsquaredonuts.com/allergens	They typically have around three vegan donut flavors daily, and offer almond, soy, and oat milks for Coffee â˜•ï¸ Drink ğŸ§‰ ğŸ§‰s.
Union Square Donuts 	Bakery ğŸ, Dessert ğŸ°	401 Park Dr, Boston, MA 02215		42.34735352	-71.10174473	https://www.unionsquaredonuts.com/allergens	They typically have around three vegan donut flavors daily, and offer almond, soy, and oat milks for Coffee â˜•ï¸ Drink ğŸ§‰ ğŸ§‰s.
Union Square Donuts 	Bakery ğŸ, Dessert ğŸ°	457 Grand Union Blvd, Somerville, MA 02145		42.39464627	-71.07993102	https://www.unionsquaredonuts.com/allergens	They typically have around three vegan donut flavors daily, and offer almond, soy, and oat milks for Coffee â˜•ï¸ Drink ğŸ§‰ ğŸ§‰s.
Union Square Donuts 	Bakery ğŸ, Dessert ğŸ°	409 Harvard St, Brookline, MA 02446		42.34596505	-71.12687326	https://www.unionsquaredonuts.com/allergens	They typically have around three vegan donut flavors daily, and offer almond, soy, and oat milks for Coffee â˜•ï¸ Drink ğŸ§‰ ğŸ§‰s.
Veggie Galaxy	Star â­ï¸, Vegan ğŸƒ, Lunch/Dinner â˜€ï¸ğŸŒ™	450 Massachusetts Ave, Cambridge, MA 02139		42.36400896	-71.10098588	https://www.veggiegalaxy.com/	This out-of-this-world, from-scratch diner is completely vegetarian, and everything on their menu can be made vegan â€” from the stuffed French Toast to the Loaded Mac & Cheese to the Sundaes with hot fudge and whip topping. Itâ€™s also a great option if you are dairy-free, but eat eggs, since they do offer omelets and scrambles. You can stop by for Breakfast ğŸ¥, lunch, dinner, dessert, or just to pick up some treats from the full vegan Bakery ğŸ ğŸ they have on site.
Veggie Grill	Vegan ğŸƒ, Star â­ï¸	57 John F. Kennedy St, Cambridge, MA 02138		42.37227475	-71.1203239	https://veggieGrill.com/nutritional-menu/	This vegan fast-casual restaurant chain serves Burgers, Sandwiches, bowls, salads, and Plant-Based ğŸŒ± variations on popular dishes. Their selection ranges from fresh and Healthy to comfort food. They also have a menu of desserts.
Violette Gluten Free Bakery	Star â­ï¸, Bakery ğŸ	1786 Massachusetts Ave, Cambridge, MA 02140		42.38592985	-71.11948851	https://violettegf.com/	Their dairy-free menu is quite sizable, with an array of cookies, cupcakes, cakes, dessert bars, muffins, cinnamon buns, and other pastries.
Wagamama	Lunch/Dinner â˜€ï¸ğŸŒ™	boston faneuil hall, quincy market building, 1 s market street, Boston, MA		42.36024343	-71.05509034	https://www.wagamama.us/	More info coming soon...
Wagamama	Lunch/Dinner â˜€ï¸ğŸŒ™	Prudential Center, 800 boylston street, store 117, boston, ma		42.34690371	-71.08298969	https://www.wagamama.us/	More info coming soon...